,行业,代码
0,贵金属,002716
1,贵金属,600489
2,贵金属,000506
3,贵金属,002237
4,贵金属,300139
5,贵金属,000975
6,贵金属,001337
7,贵金属,601069
8,贵金属,600547
9,贵金属,600988
10,贵金属,002155
11,能源金属,002192
12,能源金属,300390
13,能源金属,002667
14,能源金属,002466
15,能源金属,002460
16,能源金属,002240
17,能源金属,002738
18,能源金属,600711
19,能源金属,000762
20,能源金属,300618
21,能源金属,603799
22,能源金属,002340
23,能源金属,301219
24,电机,603350
25,电机,002196
26,电机,600580
27,电机,003021
28,电机,300660
29,电机,688395
30,电机,873593
31,电机,603728
32,电机,002176
33,电机,002801
34,电机,002823
35,电机,002576
36,电机,603819
37,电机,603320
38,电机,301502
39,电机,002249
40,电机,002892
41,电机,603489
42,电机,300626
43,电机,300907
44,电机,000922
45,电机,603344
46,电机,603988
47,电机,301226
48,电机,301023
49,电机,600416
50,塑料制品,688585
51,塑料制品,601208
52,塑料制品,688716
53,塑料制品,300922
54,塑料制品,301196
55,塑料制品,832469
56,塑料制品,300920
57,塑料制品,300539
58,塑料制品,301193
59,塑料制品,603266
60,塑料制品,300610
61,塑料制品,301000
62,塑料制品,002395
63,塑料制品,301161
64,塑料制品,300995
65,塑料制品,301003
66,塑料制品,688026
67,塑料制品,300644
68,塑料制品,603722
69,塑料制品,301131
70,塑料制品,301019
71,塑料制品,603991
72,塑料制品,605488
73,塑料制品,002838
74,塑料制品,300806
75,塑料制品,837174
76,塑料制品,300538
77,塑料制品,002886
78,塑料制品,688669
79,塑料制品,002361
80,塑料制品,688386
81,塑料制品,688219
82,塑料制品,003011
83,塑料制品,300717
84,塑料制品,002768
85,塑料制品,300980
86,塑料制品,301198
87,塑料制品,300243
88,塑料制品,300218
89,塑料制品,600143
90,塑料制品,300586
91,塑料制品,603181
92,塑料制品,001378
93,塑料制品,003018
94,塑料制品,832089
95,塑料制品,001356
96,塑料制品,300905
97,塑料制品,301591
98,塑料制品,300221
99,塑料制品,001368
100,塑料制品,300784
101,塑料制品,603580
102,塑料制品,301237
103,塑料制品,300305
104,塑料制品,300487
105,塑料制品,600135
106,塑料制品,002585
107,塑料制品,301538
108,塑料制品,002324
109,塑料制品,831834
110,塑料制品,920066
111,塑料制品,002632
112,塑料制品,300230
113,塑料制品,002522
114,塑料制品,000973
115,塑料制品,836871
116,塑料制品,920118
117,塑料制品,301356
118,塑料制品,300214
119,塑料制品,300180
120,塑料制品,603615
121,塑料制品,000859
122,塑料制品,300596
123,塑料制品,688087
124,塑料制品,603150
125,塑料制品,002108
126,塑料制品,603051
127,塑料制品,002825
128,塑料制品,603928
129,塑料制品,300478
130,塑料制品,301565
131,塑料制品,603879
132,塑料制品,688323
133,塑料制品,870204
134,塑料制品,002263
135,塑料制品,301323
136,塑料制品,603221
137,塑料制品,605008
138,电力行业,000600
139,电力行业,001896
140,电力行业,600149
141,电力行业,600396
142,电力行业,000767
143,电力行业,600744
144,电力行业,300040
145,电力行业,600726
146,电力行业,000899
147,电力行业,600969
148,电力行业,600505
149,电力行业,600982
150,电力行业,600021
151,电力行业,001258
152,电力行业,600578
153,电力行业,002616
154,电力行业,000037
155,电力行业,000531
156,电力行业,600719
157,电力行业,601991
158,电力行业,900937
159,电力行业,000862
160,电力行业,000791
161,电力行业,601619
162,电力行业,000993
163,电力行业,600011
164,电力行业,600780
165,电力行业,002608
166,电力行业,600098
167,电力行业,600101
168,电力行业,000027
169,电力行业,000690
170,电力行业,003816
171,电力行业,600027
172,电力行业,600032
173,电力行业,601985
174,电力行业,600483
175,电力行业,600310
176,电力行业,600979
177,电力行业,000543
178,电力行业,600674
179,电力行业,600900
180,电力行业,600509
181,电力行业,000966
182,电力行业,600886
183,电力行业,000537
184,电力行业,000155
185,电力行业,600023
186,电力行业,600644
187,电力行业,000875
188,电力行业,600863
189,电力行业,600905
190,电力行业,600157
191,电力行业,600868
192,电力行业,001286
193,电力行业,000591
194,电力行业,601016
195,电力行业,000883
196,电力行业,605580
197,电力行业,200037
198,电力行业,001289
199,电力行业,600642
200,电力行业,600212
201,电力行业,000722
202,电力行业,600025
203,电力行业,600795
204,电力行业,002015
205,电力行业,600452
206,电力行业,605028
207,电力行业,600575
208,电力行业,603693
209,电力行业,000539
210,电力行业,002039
211,电力行业,600163
212,电力行业,200539
213,电力行业,600236
214,电力行业,600821
215,电力行业,600116
216,电力行业,601778
217,电力行业,000601
218,电力行业,000958
219,电力行业,600995
220,造纸印刷,002511
221,造纸印刷,605500
222,造纸印刷,600793
223,造纸印刷,603863
224,造纸印刷,301469
225,造纸印刷,002067
226,造纸印刷,002831
227,造纸印刷,000488
228,造纸印刷,002235
229,造纸印刷,002836
230,造纸印刷,002012
231,造纸印刷,600966
232,造纸印刷,603165
233,造纸印刷,833394
234,造纸印刷,301355
235,造纸印刷,001279
236,造纸印刷,833075
237,造纸印刷,600356
238,造纸印刷,605377
239,造纸印刷,600235
240,造纸印刷,600103
241,造纸印刷,605007
242,造纸印刷,600963
243,造纸印刷,002521
244,造纸印刷,002078
245,造纸印刷,600567
246,造纸印刷,300883
247,造纸印刷,600433
248,造纸印刷,603429
249,造纸印刷,600308
250,造纸印刷,603058
251,造纸印刷,200488
252,造纸印刷,603733
253,造纸印刷,871553
254,造纸印刷,603499
255,造纸印刷,603607
256,造纸印刷,000695
257,造纸印刷,002117
258,造纸印刷,002229
259,电网设备,301388
260,电网设备,600268
261,电网设备,002121
262,电网设备,002028
263,电网设备,300141
264,电网设备,834062
265,电网设备,002927
266,电网设备,301295
267,电网设备,301120
268,电网设备,603191
269,电网设备,831396
270,电网设备,603861
271,电网设备,301361
272,电网设备,300062
273,电网设备,603829
274,电网设备,301002
275,电网设备,603050
276,电网设备,002090
277,电网设备,002276
278,电网设备,002471
279,电网设备,688663
280,电网设备,300466
281,电网设备,600590
282,电网设备,301291
283,电网设备,688226
284,电网设备,002058
285,电网设备,002350
286,电网设备,002857
287,电网设备,600379
288,电网设备,002168
289,电网设备,002270
290,电网设备,600973
291,电网设备,002112
292,电网设备,600869
293,电网设备,601179
294,电网设备,601700
295,电网设备,300283
296,电网设备,000682
297,电网设备,300933
298,电网设备,002953
299,电网设备,300018
300,电网设备,002346
301,电网设备,300510
302,电网设备,688517
303,电网设备,300001
304,电网设备,601567
305,电网设备,601126
306,电网设备,601616
307,电网设备,300490
308,电网设备,688676
309,电网设备,000400
310,电网设备,688681
311,电网设备,603312
312,电网设备,002339
313,电网设备,002706
314,电网设备,301439
315,电网设备,002358
316,电网设备,300222
317,电网设备,002441
318,电网设备,000720
319,电网设备,301031
320,电网设备,603070
321,电网设备,300286
322,电网设备,605066
323,电网设备,688616
324,电网设备,002298
325,电网设备,837046
326,电网设备,603897
327,电网设备,300407
328,电网设备,002452
329,电网设备,600885
330,电网设备,603530
331,电网设备,600312
332,电网设备,920682
333,电网设备,301390
334,电网设备,603097
335,电网设备,600550
336,电网设备,002533
337,电网设备,300514
338,电网设备,688597
339,电网设备,300882
340,电网设备,300617
341,电网设备,920037
342,电网设备,300069
343,电网设备,603556
344,电网设备,002560
345,电网设备,600089
346,电网设备,001388
347,电网设备,002451
348,电网设备,601877
349,电网设备,601096
350,电网设备,300360
351,电网设备,300444
352,电网设备,920111
353,电网设备,834639
354,电网设备,603016
355,电网设备,833509
356,电网设备,002169
357,电网设备,002692
358,电网设备,000533
359,电网设备,002498
360,电网设备,001382
361,电网设备,300670
362,电网设备,002879
363,电网设备,301082
364,电网设备,001208
365,电网设备,688330
366,电网设备,605222
367,电网设备,002606
368,电网设备,688248
369,电网设备,603577
370,电网设备,600406
371,电网设备,688611
372,电网设备,300880
373,电网设备,300932
374,电网设备,300208
375,电网设备,300447
376,电网设备,600577
377,电网设备,002546
378,电网设备,603333
379,电网设备,300427
380,电网设备,300423
381,电网设备,600067
382,电网设备,002256
383,电网设备,605196
384,电网设备,300341
385,电网设备,301310
386,电网设备,002300
387,电网设备,300477
388,电网设备,603606
389,电网设备,600468
390,电网设备,688191
391,电网设备,603618
392,电网设备,600525
393,电网设备,300265
394,电网设备,002882
395,电网设备,600192
396,电网设备,301012
397,汽车服务,600822
398,汽车服务,000757
399,汽车服务,900927
400,汽车服务,688479
401,汽车服务,838030
402,汽车服务,837242
403,汽车服务,000753
404,汽车服务,300825
405,汽车服务,601965
406,汽车服务,600386
407,汽车服务,301215
408,汽车服务,600335
409,汽车服务,600653
410,汽车服务,603377
411,生物制品,688176
412,生物制品,603590
413,生物制品,301230
414,生物制品,688302
415,生物制品,688336
416,生物制品,300204
417,生物制品,688739
418,生物制品,688137
419,生物制品,688488
420,生物制品,688073
421,生物制品,688197
422,生物制品,300683
423,生物制品,688373
424,生物制品,688265
425,生物制品,688331
426,生物制品,301393
427,生物制品,688046
428,生物制品,301166
429,生物制品,688163
430,生物制品,837344
431,生物制品,002038
432,生物制品,688180
433,生物制品,688319
434,生物制品,688443
435,生物制品,688177
436,生物制品,430047
437,生物制品,688687
438,生物制品,688193
439,生物制品,688428
440,生物制品,300485
441,生物制品,688506
442,生物制品,300239
443,生物制品,002693
444,生物制品,301047
445,生物制品,600161
446,生物制品,300357
447,生物制品,301207
448,生物制品,002007
449,生物制品,688520
450,生物制品,301509
451,生物制品,301301
452,生物制品,000534
453,生物制品,300009
454,生物制品,600211
455,生物制品,600223
456,生物制品,000403
457,生物制品,603087
458,生物制品,002880
459,生物制品,002252
460,生物制品,688136
461,生物制品,688185
462,生物制品,833230
463,生物制品,300294
464,生物制品,839729
465,生物制品,688276
466,生物制品,600867
467,生物制品,600645
468,生物制品,688253
469,生物制品,300601
470,生物制品,688426
471,生物制品,688710
472,生物制品,300122
473,生物制品,833575
474,生物制品,603392
475,生物制品,688278
476,生物制品,300142
477,生物制品,000661
478,生物制品,688382
479,生物制品,832982
480,生物制品,000518
481,生物制品,688235
482,生物制品,688062
483,生物制品,002581
484,生物制品,300841
485,通用设备,301261
486,通用设备,300984
487,通用设备,002552
488,通用设备,000777
489,通用设备,605259
490,通用设备,000880
491,通用设备,002896
492,通用设备,301252
493,通用设备,300992
494,通用设备,300946
495,通用设备,688059
496,通用设备,603915
497,通用设备,920002
498,通用设备,301377
499,通用设备,603325
500,通用设备,600421
501,通用设备,603667
502,通用设备,601177
503,通用设备,000811
504,通用设备,430418
505,通用设备,002164
506,通用设备,835579
507,通用设备,002520
508,通用设备,688360
509,通用设备,000530
510,通用设备,300421
511,通用设备,300503
512,通用设备,301548
513,通用设备,688003
514,通用设备,301032
515,通用设备,301055
516,通用设备,301273
517,通用设备,301028
518,通用设备,300607
519,通用设备,430510
520,通用设备,688251
521,通用设备,603270
522,通用设备,873833
523,通用设备,001225
524,通用设备,301446
525,通用设备,688028
526,通用设备,870508
527,通用设备,603331
528,通用设备,300817
529,通用设备,605060
530,通用设备,301255
531,通用设备,300853
532,通用设备,300126
533,通用设备,833943
534,通用设备,301596
535,通用设备,871396
536,通用设备,600592
537,通用设备,603279
538,通用设备,301353
539,通用设备,301279
540,通用设备,688355
541,通用设备,300990
542,通用设备,002026
543,通用设备,002444
544,通用设备,688017
545,通用设备,001379
546,通用设备,300809
547,通用设备,603269
548,通用设备,688379
549,通用设备,301202
550,通用设备,300488
551,通用设备,300780
552,通用设备,300606
553,通用设备,301317
554,通用设备,001306
555,通用设备,300145
556,通用设备,002438
557,通用设备,301399
558,通用设备,688308
559,通用设备,301309
560,通用设备,300988
561,通用设备,002903
562,通用设备,300193
563,通用设备,300263
564,通用设备,301368
565,通用设备,688165
566,通用设备,601002
567,通用设备,688697
568,通用设备,603187
569,通用设备,300257
570,通用设备,600860
571,通用设备,301448
572,通用设备,832662
573,通用设备,603028
574,通用设备,301525
575,通用设备,000837
576,通用设备,003025
577,通用设备,603315
578,通用设备,603699
579,通用设备,002282
580,通用设备,688448
581,通用设备,603757
582,通用设备,301125
583,通用设备,002884
584,通用设备,002248
585,通用设备,688558
586,通用设备,002633
587,通用设备,300885
588,通用设备,688577
589,通用设备,688305
590,通用设备,603278
591,通用设备,002158
592,通用设备,300441
593,通用设备,603088
594,通用设备,688455
595,通用设备,836720
596,通用设备,830839
597,通用设备,603308
598,通用设备,603617
599,通用设备,830896
600,通用设备,300083
601,通用设备,301151
602,通用设备,000890
603,通用设备,300154
604,通用设备,301633
605,通用设备,002046
606,通用设备,002747
607,通用设备,002965
608,通用设备,300971
609,通用设备,832885
610,通用设备,300470
611,通用设备,000410
612,通用设备,873576
613,通用设备,603277
614,通用设备,002598
615,通用设备,300943
616,通用设备,603082
617,通用设备,300161
618,通用设备,301559
619,通用设备,603090
620,通用设备,605100
621,通用设备,900925
622,通用设备,601369
623,通用设备,300080
624,通用设备,603400
625,通用设备,002943
626,通用设备,603339
627,通用设备,300430
628,通用设备,000039
629,通用设备,301616
630,通用设备,200530
631,通用设备,300420
632,通用设备,002347
633,通用设备,300278
634,通用设备,601882
635,通用设备,200570
636,通用设备,873679
637,通用设备,301137
638,通用设备,002760
639,通用设备,001380
640,通用设备,301268
641,通用设备,900947
642,通用设备,300024
643,通用设备,001400
644,通用设备,300092
645,通用设备,836699
646,通用设备,900924
647,通用设备,688648
648,通用设备,605123
649,通用设备,603131
650,通用设备,872808
651,通用设备,301603
652,通用设备,600558
653,通用设备,301029
654,通用设备,002686
655,通用设备,002931
656,通用设备,002559
657,通用设备,833455
658,通用设备,688557
659,通用设备,831855
660,通用设备,603969
661,通用设备,603173
662,通用设备,300091
663,通用设备,002426
664,通用设备,002132
665,通用设备,001268
666,通用设备,002685
667,通用设备,600215
668,通用设备,600114
669,通用设备,920082
670,通用设备,300179
671,通用设备,002122
672,通用设备,002639
673,通用设备,002008
674,通用设备,002871
675,通用设备,200706
676,通用设备,301107
677,通用设备,002480
678,通用设备,002514
679,通用设备,300554
680,通用设备,603391
681,通用设备,873169
682,通用设备,000969
683,通用设备,600992
684,通用设备,002795
685,通用设备,003043
686,通用设备,002445
687,通用设备,900910
688,通用设备,300260
689,通用设备,000816
690,通用设备,831689
691,通用设备,900920
692,通用设备,688333
693,通用设备,000595
694,通用设备,688433
695,通用设备,300095
696,通用设备,300985
697,通用设备,873570
698,通用设备,200771
699,通用设备,600243
700,通用设备,603109
701,通用设备,002342
702,通用设备,301311
703,通用设备,301079
704,通用设备,300700
705,通用设备,873305
706,化学制药,300006
707,化学制药,688189
708,化学制药,300942
709,化学制药,600513
710,化学制药,002940
711,化学制药,603811
712,化学制药,688117
713,化学制药,688131
714,化学制药,300583
715,化学制药,300723
716,化学制药,301075
717,化学制药,688166
718,化学制药,688266
719,化学制药,688356
720,化学制药,301130
721,化学制药,688513
722,化学制药,688578
723,化学制药,603351
724,化学制药,000623
725,化学制药,002437
726,化学制药,002773
727,化学制药,300497
728,化学制药,300158
729,化学制药,000952
730,化学制药,000908
731,化学制药,603222
732,化学制药,002019
733,化学制药,688670
734,化学制药,000513
735,化学制药,300255
736,化学制药,002653
737,化学制药,002898
738,化学制药,603669
739,化学制药,002082
740,化学制药,002102
741,化学制药,688192
742,化学制药,300401
743,化学制药,003020
744,化学制药,600812
745,化学制药,688247
746,化学制药,300267
747,化学制药,300966
748,化学制药,300636
749,化学制药,002793
750,化学制药,300086
751,化学制药,603520
752,化学制药,600521
753,化学制药,000953
754,化学制药,603168
755,化学制药,300573
756,化学制药,300584
757,化学制药,300434
758,化学制药,601089
759,化学制药,605177
760,化学制药,000153
761,化学制药,300194
762,化学制药,688221
763,化学制药,002393
764,化学制药,002370
765,化学制药,688690
766,化学制药,002294
767,化学制药,000597
768,化学制药,603229
769,化学制药,600613
770,化学制药,832566
771,化学制药,002332
772,化学制药,300199
773,化学制药,000931
774,化学制药,300254
775,化学制药,301277
776,化学制药,688658
777,化学制药,300702
778,化学制药,002923
779,化学制药,300436
780,化学制药,002099
781,化学制药,301281
782,化学制药,000963
783,化学制药,605116
784,化学制药,600789
785,化学制药,300110
786,化学制药,603367
787,化学制药,600851
788,化学制药,600276
789,化学制药,873167
790,化学制药,836547
791,化学制药,002550
792,化学制药,301211
793,化学制药,600062
794,化学制药,301246
795,化学制药,600420
796,化学制药,600488
797,化学制药,300452
798,化学制药,300558
799,化学制药,001367
800,化学制药,000756
801,化学制药,830946
802,化学制药,600079
803,化学制药,600196
804,化学制药,300705
805,化学制药,000788
806,化学制药,300381
807,化学制药,600380
808,化学制药,600664
809,化学制药,000766
810,化学制药,605507
811,化学制药,603207
812,化学制药,000788
813,化学制药,002262
814,化学制药,300233
815,化学制药,000915
816,化学制药,000813
817,化学制药,900904
818,化学制药,603707
819,化学制药,430478
820,化学制药,600216
821,化学制药,301507
822,化学制药,002001
823,化学制药,300016
824,化学制药,688321
825,化学制药,688566
826,化学制药,002399
827,化学制药,002020
828,化学制药,002675
829,化学制药,900917
830,化学制药,000566
831,化学制药,688505
832,化学制药,603538
833,化学制药,002755
834,化学制药,000739
835,化学制药,301089
836,化学制药,603456
837,化学制药,002422
838,化学制药,002872
839,化学制药,832735
840,化学制药,301258
841,化学制药,300725
842,化学制药,688553
843,化学制药,430017
844,化学制药,603676
845,化学制药,600267
846,化学制药,300363
847,化学制药,002900
848,化学制药,002365
849,化学制药,600200
850,化学制药,688091
851,化学制药,688799
852,汽车零部件,301529
853,汽车零部件,603013
854,汽车零部件,000678
855,汽车零部件,300643
856,汽车零部件,603767
857,汽车零部件,300969
858,汽车零部件,301160
859,汽车零部件,301550
860,汽车零部件,301005
861,汽车零部件,300998
862,汽车零部件,603319
863,汽车零部件,603040
864,汽车零部件,300816
865,汽车零部件,688612
866,汽车零部件,300100
867,汽车零部件,002048
868,汽车零部件,603239
869,汽车零部件,603358
870,汽车零部件,837663
871,汽车零部件,300611
872,汽车零部件,688280
873,汽车零部件,603809
874,汽车零部件,002363
875,汽车零部件,301192
876,汽车零部件,002553
877,汽车零部件,603009
878,汽车零部件,003033
879,汽车零部件,605208
880,汽车零部件,300304
881,汽车零部件,605018
882,汽车零部件,603166
883,汽车零部件,002265
884,汽车零部件,833454
885,汽车零部件,300652
886,汽车零部件,601717
887,汽车零部件,002592
888,汽车零部件,300680
889,汽车零部件,603201
890,汽车零部件,603926
891,汽车零部件,300580
892,汽车零部件,603596
893,汽车零部件,002472
894,汽车零部件,301607
895,汽车零部件,600148
896,汽车零部件,605228
897,汽车零部件,603286
898,汽车零部件,839946
899,汽车零部件,002921
900,汽车零部件,603089
901,汽车零部件,301298
902,汽车零部件,002434
903,汽车零部件,605128
904,汽车零部件,836221
905,汽车零部件,833533
906,汽车零部件,300258
907,汽车零部件,002454
908,汽车零部件,002536
909,汽车零部件,603982
910,汽车零部件,688071
911,汽车零部件,600960
912,汽车零部件,002708
913,汽车零部件,301020
914,汽车零部件,002547
915,汽车零部件,873690
916,汽车零部件,301119
917,汽车零部件,301488
918,汽车零部件,600742
919,汽车零部件,002664
920,汽车零部件,002283
921,汽车零部件,000570
922,汽车零部件,300978
923,汽车零部件,600741
924,汽车零部件,831278
925,汽车零部件,605068
926,汽车零部件,002448
927,汽车零部件,002510
928,汽车零部件,301613
929,汽车零部件,603997
930,汽车零部件,603211
931,汽车零部件,000887
932,汽车零部件,301229
933,汽车零部件,603178
934,汽车零部件,001311
935,汽车零部件,603730
936,汽车零部件,603788
937,汽车零部件,002863
938,汽车零部件,605255
939,汽车零部件,301007
940,汽车零部件,002284
941,汽车零部件,600218
942,汽车零部件,836270
943,汽车零部件,605151
944,汽车零部件,601279
945,汽车零部件,603633
946,汽车零部件,300912
947,汽车零部件,002101
948,汽车零部件,688326
949,汽车零部件,603190
950,汽车零部件,603335
951,汽车零部件,301133
952,汽车零部件,002976
953,汽车零部件,603949
954,汽车零部件,301539
955,汽车零部件,603701
956,汽车零部件,301170
957,汽车零部件,301181
958,汽车零部件,603306
959,汽车零部件,001319
960,汽车零部件,002406
961,汽车零部件,300707
962,汽车零部件,002906
963,汽车零部件,300893
964,汽车零部件,000700
965,汽车零部件,600699
966,汽车零部件,000030
967,汽车零部件,301022
968,汽车零部件,600676
969,汽车零部件,300375
970,汽车零部件,002126
971,汽车零部件,301397
972,汽车零部件,603305
973,汽车零部件,001278
974,汽车零部件,603107
975,汽车零部件,601689
976,汽车零部件,603048
977,汽车零部件,301072
978,汽车零部件,831195
979,汽车零部件,301225
980,汽车零部件,838837
981,汽车零部件,002997
982,汽车零部件,688667
983,汽车零部件,603085
984,汽车零部件,600626
985,汽车零部件,603023
986,汽车零部件,600081
987,汽车零部件,831906
988,汽车零部件,600933
989,汽车零部件,300681
990,汽车零部件,300507
991,汽车零部件,002870
992,汽车零部件,603158
993,汽车零部件,832000
994,汽车零部件,002593
995,汽车零部件,603035
996,汽车零部件,300446
997,汽车零部件,603006
998,汽车零部件,603348
999,汽车零部件,300176
1000,汽车零部件,001260
1001,汽车零部件,603768
1002,汽车零部件,838171
1003,汽车零部件,300745
1004,汽车零部件,002813
1005,汽车零部件,600480
1006,汽车零部件,870436
1007,汽车零部件,301581
1008,汽车零部件,603917
1009,汽车零部件,002239
1010,汽车零部件,000581
1011,汽车零部件,002085
1012,汽车零部件,301499
1013,汽车零部件,301552
1014,汽车零部件,002662
1015,汽车零部件,603202
1016,汽车零部件,300695
1017,汽车零部件,301357
1018,汽车零部件,603409
1019,汽车零部件,605005
1020,汽车零部件,000338
1021,汽车零部件,301173
1022,汽车零部件,002328
1023,汽车零部件,832978
1024,汽车零部件,000901
1025,汽车零部件,002590
1026,汽车零部件,301535
1027,汽车零部件,001282
1028,汽车零部件,603179
1029,汽车零部件,300928
1030,汽车零部件,603210
1031,汽车零部件,200581
1032,汽车零部件,002355
1033,汽车零部件,301560
1034,汽车零部件,603197
1035,汽车零部件,603161
1036,汽车零部件,000559
1037,汽车零部件,300694
1038,汽车零部件,002766
1039,汽车零部件,688533
1040,汽车零部件,603037
1041,汽车零部件,300585
1042,汽车零部件,600523
1043,汽车零部件,002920
1044,汽车零部件,300432
1045,汽车零部件,603922
1046,汽车零部件,002703
1047,汽车零部件,603786
1048,汽车零部件,002516
1049,汽车零部件,603950
1050,汽车零部件,300733
1051,汽车零部件,301398
1052,汽车零部件,300473
1053,汽车零部件,301186
1054,汽车零部件,600178
1055,汽车零部件,600609
1056,汽车零部件,002190
1057,汽车零部件,605088
1058,汽车零部件,200030
1059,汽车零部件,002488
1060,汽车零部件,300428
1061,汽车零部件,002806
1062,汽车零部件,601799
1063,汽车零部件,000981
1064,汽车零部件,605319
1065,汽车零部件,603655
1066,汽车零部件,300926
1067,汽车零部件,002725
1068,汽车零部件,002715
1069,汽车零部件,605333
1070,汽车零部件,300863
1071,汽车零部件,002537
1072,汽车零部件,603586
1073,汽车零部件,605133
1074,汽车零部件,603390
1075,汽车零部件,603121
1076,汽车零部件,600698
1077,汽车零部件,300237
1078,汽车零部件,920106
1079,汽车零部件,000903
1080,汽车零部件,603758
1081,汽车零部件,000622
1082,仪器仪表,300066
1083,仪器仪表,688583
1084,仪器仪表,300553
1085,仪器仪表,603275
1086,仪器仪表,688665
1087,仪器仪表,300007
1088,仪器仪表,688622
1089,仪器仪表,001266
1090,仪器仪表,832145
1091,仪器仪表,300371
1092,仪器仪表,002849
1093,仪器仪表,688768
1094,仪器仪表,688320
1095,仪器仪表,603662
1096,仪器仪表,836504
1097,仪器仪表,301303
1098,仪器仪表,832491
1099,仪器仪表,870299
1100,仪器仪表,871263
1101,仪器仪表,002767
1102,仪器仪表,688450
1103,仪器仪表,430476
1104,仪器仪表,300838
1105,仪器仪表,688528
1106,仪器仪表,300354
1107,仪器仪表,301129
1108,仪器仪表,688115
1109,仪器仪表,300306
1110,仪器仪表,300667
1111,仪器仪表,603700
1112,仪器仪表,300259
1113,仪器仪表,300417
1114,仪器仪表,430556
1115,仪器仪表,830879
1116,仪器仪表,688056
1117,仪器仪表,688686
1118,仪器仪表,688610
1119,仪器仪表,300445
1120,仪器仪表,300112
1121,仪器仪表,836260
1122,仪器仪表,002658
1123,仪器仪表,688628
1124,仪器仪表,002877
1125,仪器仪表,300567
1126,仪器仪表,688671
1127,仪器仪表,301510
1128,仪器仪表,300557
1129,仪器仪表,002338
1130,仪器仪表,688112
1131,仪器仪表,002980
1132,仪器仪表,603100
1133,仪器仪表,300515
1134,仪器仪表,831175
1135,仪器仪表,430685
1136,仪器仪表,300165
1137,仪器仪表,300349
1138,仪器仪表,601222
1139,仪器仪表,834407
1140,仪器仪表,830779
1141,仪器仪表,688337
1142,仪器仪表,832651
1143,仪器仪表,300275
1144,仪器仪表,605056
1145,仪器仪表,920029
1146,仪器仪表,300370
1147,仪器仪表,831305
1148,仪器仪表,300720
1149,仪器仪表,002175
1150,仪器仪表,002819
1151,仪器仪表,301006
1152,仪器仪表,300862
1153,仪器仪表,301528
1154,仪器仪表,688600
1155,仪器仪表,300897
1156,公用事业,605162
1157,公用事业,605011
1158,公用事业,000692
1159,公用事业,600461
1160,公用事业,000598
1161,公用事业,002893
1162,公用事业,600052
1163,公用事业,000685
1164,公用事业,601368
1165,公用事业,603759
1166,公用事业,600168
1167,公用事业,601158
1168,公用事业,603291
1169,公用事业,600167
1170,公用事业,001210
1171,公用事业,000605
1172,公用事业,601199
1173,公用事业,600008
1174,公用事业,000544
1175,公用事业,001376
1176,公用事业,003039
1177,公用事业,600283
1178,公用事业,600187
1179,电源设备,301516
1180,电源设备,300870
1181,电源设备,300153
1182,电源设备,300693
1183,电源设备,600475
1184,电源设备,300491
1185,电源设备,002366
1186,电源设备,002335
1187,电源设备,002364
1188,电源设备,301386
1189,电源设备,600405
1190,电源设备,600202
1191,电源设备,301327
1192,电源设备,300713
1193,电源设备,002255
1194,电源设备,002851
1195,电源设备,002518
1196,电源设备,300105
1197,电源设备,688551
1198,电源设备,300376
1199,电源设备,000576
1200,电源设备,601727
1201,电源设备,600875
1202,电源设备,002534
1203,电源设备,002227
1204,电源设备,301590
1205,电源设备,300593
1206,电源设备,300820
1207,电源设备,688719
1208,电源设备,002630
1209,电源设备,688411
1210,电源设备,002951
1211,家电行业,688169
1212,家电行业,603486
1213,家电行业,001387
1214,家电行业,605336
1215,家电行业,300824
1216,家电行业,002052
1217,家电行业,002543
1218,家电行业,002290
1219,家电行业,002676
1220,家电行业,002860
1221,家电行业,605365
1222,家电行业,002403
1223,家电行业,603677
1224,家电行业,603551
1225,家电行业,300403
1226,家电行业,301008
1227,家电行业,002959
1228,家电行业,603075
1229,家电行业,002420
1230,家电行业,688793
1231,家电行业,600854
1232,家电行业,002723
1233,家电行业,002705
1234,家电行业,920108
1235,家电行业,603311
1236,家电行业,300625
1237,家电行业,002005
1238,家电行业,001259
1239,家电行业,002242
1240,家电行业,873339
1241,家电行业,603515
1242,家电行业,831768
1243,家电行业,603579
1244,家电行业,000921
1245,家电行业,603215
1246,家电行业,000521
1247,家电行业,603303
1248,家电行业,605555
1249,家电行业,603355
1250,家电行业,301187
1251,家电行业,000404
1252,家电行业,003023
1253,家电行业,002668
1254,家电行业,600060
1255,家电行业,002614
1256,家电行业,300272
1257,家电行业,002677
1258,家电行业,000333
1259,家电行业,002035
1260,家电行业,301332
1261,家电行业,000651
1262,家电行业,002032
1263,家电行业,600261
1264,家电行业,300217
1265,家电行业,603868
1266,家电行业,870726
1267,家电行业,002508
1268,家电行业,002050
1269,家电行业,002429
1270,家电行业,600336
1271,家电行业,603219
1272,家电行业,600690
1273,家电行业,300894
1274,家电行业,002418
1275,家电行业,600983
1276,家电行业,300911
1277,家电行业,603519
1278,家电行业,300247
1279,家电行业,301061
1280,家电行业,301362
1281,家电行业,300160
1282,家电行业,002011
1283,家电行业,688696
1284,家电行业,601956
1285,家电行业,603366
1286,家电行业,600619
1287,家电行业,688475
1288,家电行业,603578
1289,家电行业,200521
1290,家电行业,300342
1291,家电行业,000801
1292,家电行业,200016
1293,家电行业,603726
1294,家电行业,000016
1295,家电行业,600839
1296,家电行业,000541
1297,家电行业,603657
1298,家电行业,002848
1299,家电行业,002076
1300,家电行业,603112
1301,家电行业,831641
1302,家电行业,200512
1303,专用设备,300195
1304,专用设备,300950
1305,专用设备,688160
1306,专用设备,838810
1307,专用设备,002527
1308,专用设备,002209
1309,专用设备,603081
1310,专用设备,688215
1311,专用设备,688392
1312,专用设备,605288
1313,专用设备,688501
1314,专用设备,301018
1315,专用设备,002774
1316,专用设备,600343
1317,专用设备,603356
1318,专用设备,002837
1319,专用设备,603416
1320,专用设备,300276
1321,专用设备,688121
1322,专用设备,300931
1323,专用设备,688383
1324,专用设备,002779
1325,专用设备,601798
1326,专用设备,300521
1327,专用设备,301128
1328,专用设备,603912
1329,专用设备,002890
1330,专用设备,603289
1331,专用设备,833781
1332,专用设备,002353
1333,专用设备,002031
1334,专用设备,300549
1335,专用设备,688306
1336,专用设备,603321
1337,专用设备,831856
1338,专用设备,688090
1339,专用设备,603901
1340,专用设备,002337
1341,专用设备,300757
1342,专用设备,301053
1343,专用设备,000856
1344,专用设备,300412
1345,专用设备,603895
1346,专用设备,300512
1347,专用设备,300410
1348,专用设备,688128
1349,专用设备,300669
1350,专用设备,001336
1351,专用设备,871478
1352,专用设备,688022
1353,专用设备,603966
1354,专用设备,300099
1355,专用设备,603036
1356,专用设备,603583
1357,专用设备,002006
1358,专用设备,001256
1359,专用设备,002535
1360,专用设备,002184
1361,专用设备,301272
1362,专用设备,836414
1363,专用设备,601606
1364,专用设备,301519
1365,专用设备,002689
1366,专用设备,002009
1367,专用设备,300509
1368,专用设备,301568
1369,专用设备,688698
1370,专用设备,603488
1371,专用设备,002979
1372,专用设备,603282
1373,专用设备,688419
1374,专用设备,300382
1375,专用设备,002367
1376,专用设备,002960
1377,专用设备,600262
1378,专用设备,688001
1379,专用设备,300865
1380,专用设备,838670
1381,专用设备,001332
1382,专用设备,301043
1383,专用设备,300461
1384,专用设备,688378
1385,专用设备,688255
1386,专用设备,301056
1387,专用设备,001239
1388,专用设备,688162
1389,专用设备,002691
1390,专用设备,688290
1391,专用设备,001360
1392,专用设备,603012
1393,专用设备,872931
1394,专用设备,301199
1395,专用设备,300818
1396,专用设备,688218
1397,专用设备,605286
1398,专用设备,600894
1399,专用设备,600582
1400,专用设备,688623
1401,专用设备,300004
1402,专用设备,301112
1403,专用设备,301112
1404,专用设备,688328
1405,专用设备,002730
1406,专用设备,688329
1407,专用设备,301105
1408,专用设备,688420
1409,专用设备,600302
1410,专用设备,002595
1411,专用设备,300480
1412,专用设备,600579
1413,专用设备,301083
1414,专用设备,301360
1415,专用设备,300527
1416,专用设备,301260
1417,专用设备,300499
1418,专用设备,002957
1419,专用设备,688400
1420,专用设备,001223
1421,专用设备,300837
1422,专用设备,300802
1423,专用设备,832522
1424,专用设备,688092
1425,专用设备,002483
1426,专用设备,688633
1427,专用设备,833284
1428,专用设备,300048
1429,专用设备,002523
1430,专用设备,300823
1431,专用设备,301468
1432,专用设备,603280
1433,专用设备,603666
1434,专用设备,603960
1435,专用设备,300879
1436,专用设备,600560
1437,专用设备,603135
1438,专用设备,002490
1439,专用设备,688718
1440,专用设备,688627
1441,专用设备,002111
1442,专用设备,300173
1443,专用设备,301338
1444,专用设备,301158
1445,专用设备,603076
1446,专用设备,002975
1447,专用设备,300400
1448,专用设备,003036
1449,专用设备,603029
1450,专用设备,300415
1451,专用设备,002526
1452,专用设备,600835
1453,专用设备,688518
1454,专用设备,836942
1455,专用设备,002833
1456,专用设备,301418
1457,专用设备,603855
1458,专用设备,688312
1459,专用设备,002529
1460,专用设备,603337
1461,专用设备,603159
1462,专用设备,301598
1463,专用设备,600169
1464,专用设备,300097
1465,专用设备,836717
1466,专用设备,301512
1467,专用设备,603025
1468,专用设备,001277
1469,专用设备,873726
1470,专用设备,300484
1471,专用设备,603015
1472,专用设备,002651
1473,专用设备,002796
1474,专用设备,603169
1475,专用设备,600184
1476,专用设备,002334
1477,专用设备,601038
1478,专用设备,002278
1479,专用设备,688113
1480,专用设备,300833
1481,专用设备,873693
1482,专用设备,688700
1483,专用设备,300307
1484,专用设备,600444
1485,专用设备,002698
1486,专用设备,300486
1487,专用设备,300902
1488,专用设备,301138
1489,专用设备,603095
1490,专用设备,872895
1491,专用设备,601399
1492,专用设备,002021
1493,专用设备,301601
1494,专用设备,600520
1495,专用设备,300293
1496,专用设备,688789
1497,专用设备,605167
1498,专用设备,600501
1499,专用设备,688531
1500,专用设备,688310
1501,专用设备,300411
1502,专用设备,834014
1503,专用设备,603656
1504,专用设备,300281
1505,专用设备,301011
1506,专用设备,300402
1507,专用设备,603203
1508,专用设备,002430
1509,专用设备,301312
1510,专用设备,603283
1511,专用设备,600320
1512,专用设备,835368
1513,专用设备,301013
1514,专用设备,688377
1515,专用设备,873703
1516,专用设备,300228
1517,专用设备,831152
1518,专用设备,603690
1519,专用设备,300540
1520,专用设备,002757
1521,专用设备,601608
1522,专用设备,600499
1523,专用设备,002073
1524,专用设备,000519
1525,专用设备,688125
1526,专用设备,000852
1527,专用设备,603789
1528,专用设备,603300
1529,专用设备,600843
1530,专用设备,002611
1531,专用设备,002786
1532,专用设备,002816
1533,专用设备,002690
1534,专用设备,688596
1535,专用设备,688283
1536,专用设备,301533
1537,专用设备,301200
1538,专用设备,688559
1539,专用设备,300151
1540,专用设备,688755
1541,专用设备,688170
1542,专用设备,601106
1543,专用设备,688529
1544,专用设备,688646
1545,专用设备,835892
1546,专用设备,834475
1547,专用设备,688630
1548,专用设备,300875
1549,专用设备,688084
1550,专用设备,300836
1551,专用设备,300103
1552,专用设备,688097
1553,专用设备,603956
1554,专用设备,301030
1555,专用设备,600545
1556,专用设备,688151
1557,专用设备,603800
1558,专用设备,603011
1559,专用设备,301392
1560,专用设备,836961
1561,专用设备,001395
1562,专用设备,300472
1563,专用设备,300471
1564,专用设备,301070
1565,专用设备,301662
1566,专业服务,831039
1567,专业服务,688293
1568,专业服务,603060
1569,专业服务,002564
1570,专业服务,873122
1571,专业服务,603183
1572,专业服务,688334
1573,专业服务,300572
1574,专业服务,301115
1575,专业服务,871753
1576,专业服务,301228
1577,专业服务,301508
1578,专业服务,003008
1579,专业服务,300384
1580,专业服务,300797
1581,专业服务,600662
1582,专业服务,603698
1583,专业服务,003035
1584,专业服务,301289
1585,专业服务,603373
1586,专业服务,301306
1587,专业服务,300215
1588,专业服务,688133
1589,专业服务,920099
1590,专业服务,300416
1591,专业服务,300962
1592,专业服务,688757
1593,专业服务,836208
1594,专业服务,002811
1595,专业服务,300012
1596,专业服务,300887
1597,专业服务,300662
1598,专业服务,002967
1599,专业服务,600861
1600,专业服务,300938
1601,专业服务,301169
1602,专业服务,603776
1603,专业服务,300947
1604,交运设备,301345
1605,交运设备,601766
1606,交运设备,603500
1607,交运设备,605001
1608,交运设备,603680
1609,交运设备,300906
1610,交运设备,600495
1611,交运设备,605298
1612,交运设备,002972
1613,交运设备,300923
1614,交运设备,689009
1615,交运设备,300011
1616,交运设备,603766
1617,交运设备,603111
1618,交运设备,688009
1619,交运设备,600099
1620,交运设备,300994
1621,交运设备,300851
1622,交运设备,688015
1623,交运设备,300351
1624,交运设备,001324
1625,交运设备,872541
1626,交运设备,600967
1627,交运设备,301048
1628,交运设备,000913
1629,交运设备,688569
1630,交运设备,688459
1631,交运设备,688285
1632,交运设备,603787
1633,交运设备,600528
1634,交运设备,603529
1635,交运设备,300594
1636,交运设备,688187
1637,交运设备,002105
1638,交运设备,000925
1639,交运设备,000008
1640,交运设备,001696
1641,交运设备,900916
1642,交运设备,900915
1643,交运设备,600679
1644,交运设备,603129
1645,交运设备,301016
1646,交运设备,920027
1647,交运设备,301322
1648,交运设备,600818
1649,交运设备,688367
1650,交运设备,834058
1651,交运设备,200017
1652,交运设备,900946
1653,交运设备,300462
1654,交运设备,300960
1655,工程机械,300718
1656,工程机械,603298
1657,工程机械,600761
1658,工程机械,000680
1659,工程机械,603611
1660,工程机械,000528
1661,工程机械,835174
1662,工程机械,002272
1663,工程机械,601100
1664,工程机械,001226
1665,工程机械,688425
1666,工程机械,000157
1667,工程机械,002204
1668,工程机械,603638
1669,工程机械,603338
1670,工程机械,001288
1671,工程机械,871245
1672,工程机械,002097
1673,工程机械,600817
1674,工程机械,873706
1675,工程机械,834599
1676,工程机械,300201
1677,工程机械,601226
1678,工程机械,600031
1679,工程机械,873223
1680,工程机械,600815
1681,工程机械,300022
1682,工程机械,600984
1683,工程机械,000425
1684,工程机械,603194
1685,工程机械,200055
1686,工程机械,605389
1687,石油行业,300839
1688,石油行业,600777
1689,石油行业,601857
1690,石油行业,002221
1691,石油行业,002778
1692,石油行业,600028
1693,石油行业,603798
1694,石油行业,000554
1695,石油行业,000637
1696,石油行业,600938
1697,石油行业,000698
1698,石油行业,600256
1699,石油行业,603353
1700,石油行业,600688
1701,石油行业,000159
1702,石油行业,600506
1703,石油行业,600759
1704,石油行业,000096
1705,石油行业,000059
1706,石油行业,000819
1707,银行,601997
1708,银行,600000
1709,银行,601077
1710,银行,601998
1711,银行,601916
1712,银行,002958
1713,银行,601128
1714,银行,601818
1715,银行,601328
1716,银行,600015
1717,银行,601169
1718,银行,601288
1719,银行,002839
1720,银行,600928
1721,银行,601187
1722,银行,601528
1723,银行,601166
1724,银行,601229
1725,银行,601988
1726,银行,601658
1727,银行,603323
1728,银行,002948
1729,银行,601009
1730,银行,002966
1731,银行,601665
1732,银行,601860
1733,银行,600919
1734,银行,600016
1735,银行,000001
1736,银行,002936
1737,银行,601838
1738,银行,601939
1739,银行,002807
1740,银行,001227
1741,银行,601577
1742,银行,601963
1743,银行,601825
1744,银行,600926
1745,银行,601398
1746,银行,600908
1747,银行,600036
1748,银行,002142
1749,化学制品,002562
1750,化学制品,002915
1751,化学制品,605399
1752,化学制品,002971
1753,化学制品,000565
1754,化学制品,301518
1755,化学制品,301555
1756,化学制品,300801
1757,化学制品,300041
1758,化学制品,830974
1759,化学制品,603948
1760,化学制品,300665
1761,化学制品,834261
1762,化学制品,603916
1763,化学制品,603683
1764,化学制品,605566
1765,化学制品,600866
1766,化学制品,301585
1767,化学制品,605366
1768,化学制品,605589
1769,化学制品,603867
1770,化学制品,301212
1771,化学制品,002377
1772,化学制品,688737
1773,化学制品,688199
1774,化学制品,002054
1775,化学制品,002096
1776,化学制品,002917
1777,化学制品,603379
1778,化学制品,301100
1779,化学制品,300727
1780,化学制品,002246
1781,化学制品,603725
1782,化学制品,001218
1783,化学制品,301220
1784,化学制品,002827
1785,化学制品,605166
1786,化学制品,301216
1787,化学制品,688639
1788,化学制品,600160
1789,化学制品,002497
1790,化学制品,301300
1791,化学制品,301618
1792,化学制品,002783
1793,化学制品,000881
1794,化学制品,600230
1795,化学制品,605020
1796,化学制品,688602
1797,化学制品,002637
1798,化学制品,603822
1799,化学制品,600873
1800,化学制品,688398
1801,化学制品,603281
1802,化学制品,300535
1803,化学制品,301283
1804,化学制品,603041
1805,化学制品,688350
1806,化学制品,002669
1807,化学制品,603968
1808,化学制品,603079
1809,化学制品,002440
1810,化学制品,900908
1811,化学制品,002909
1812,化学制品,603681
1813,化学制品,603188
1814,化学制品,002709
1815,化学制品,688179
1816,化学制品,002455
1817,化学制品,688196
1818,化学制品,603285
1819,化学制品,688065
1820,化学制品,836419
1821,化学制品,300019
1822,化学制品,002666
1823,化学制品,001333
1824,化学制品,603155
1825,化学制品,300405
1826,化学制品,300437
1827,化学制品,301077
1828,化学制品,301092
1829,化学制品,002476
1830,化学制品,300848
1831,化学制品,000985
1832,化学制品,600273
1833,化学制品,603125
1834,化学制品,003022
1835,化学制品,002802
1836,化学制品,002037
1837,化学制品,603977
1838,化学制品,002360
1839,化学制品,301190
1840,化学制品,002810
1841,化学制品,688269
1842,化学制品,600352
1843,化学制品,603255
1844,化学制品,300758
1845,化学制品,834033
1846,化学制品,300637
1847,化学制品,002407
1848,化学制品,002809
1849,化学制品,001335
1850,化学制品,002326
1851,化学制品,688571
1852,化学制品,603227
1853,化学制品,688129
1854,化学制品,300821
1855,化学制品,300321
1856,化学制品,603010
1857,化学制品,301037
1858,化学制品,301349
1859,化学制品,301617
1860,化学制品,900921
1861,化学制品,603192
1862,化学制品,301292
1863,化学制品,002408
1864,化学制品,002226
1865,化学制品,603120
1866,化学制品,300522
1867,化学制品,600299
1868,化学制品,002165
1869,化学制品,603026
1870,化学制品,300107
1871,化学制品,300721
1872,化学制品,301036
1873,化学制品,002453
1874,化学制品,873527
1875,化学制品,300910
1876,化学制品,837023
1877,化学制品,603938
1878,化学制品,603980
1879,化学制品,300641
1880,化学制品,300343
1881,化学制品,688116
1882,化学制品,300135
1883,化学制品,920016
1884,化学制品,603110
1885,化学制品,600378
1886,化学制品,603217
1887,化学制品,300699
1888,化学制品,300200
1889,化学制品,603823
1890,化学制品,600309
1891,化学制品,300067
1892,化学制品,900909
1893,化学制品,300798
1894,化学制品,603790
1895,化学制品,002549
1896,化学制品,300109
1897,化学制品,688157
1898,化学制品,002319
1899,化学制品,688353
1900,化学制品,600370
1901,化学制品,600500
1902,化学制品,002211
1903,化学制品,600599
1904,化学制品,301373
1905,化学制品,300285
1906,化学制品,300072
1907,化学制品,831526
1908,化学制品,002986
1909,化学制品,920489
1910,化学制品,600800
1911,化学制品,600165
1912,化学制品,688625
1913,化学制品,000691
1914,化学制品,003002
1915,化学制品,300169
1916,化学制品,300225
1917,化学制品,300174
1918,纺织服装,600735
1919,纺织服装,603001
1920,纺织服装,605189
1921,纺织服装,301276
1922,纺织服装,600107
1923,纺织服装,000955
1924,纺织服装,003016
1925,纺织服装,002762
1926,纺织服装,601339
1927,纺织服装,200726
1928,纺织服装,603511
1929,纺织服装,002394
1930,纺织服装,300591
1931,纺织服装,600493
1932,纺织服装,300918
1933,纺织服装,002293
1934,纺织服装,002486
1935,纺织服装,300877
1936,纺织服装,000726
1937,纺织服装,603808
1938,纺织服装,002722
1939,纺织服装,002763
1940,纺织服装,605080
1941,纺织服装,002494
1942,纺织服装,002780
1943,纺织服装,002687
1944,纺织服装,600137
1945,纺织服装,002193
1946,纺织服装,600987
1947,纺织服装,603889
1948,纺织服装,603558
1949,纺织服装,301088
1950,纺织服装,605180
1951,纺织服装,000850
1952,纺织服装,002144
1953,纺织服装,600689
1954,纺织服装,300005
1955,纺织服装,605138
1956,纺织服装,603908
1957,纺织服装,600232
1958,纺织服装,002569
1959,纺织服装,001209
1960,纺织服装,300979
1961,纺织服装,603839
1962,纺织服装,600398
1963,纺织服装,603518
1964,纺织服装,603073
1965,纺织服装,002154
1966,纺织服装,603307
1967,纺织服装,603116
1968,纺织服装,900922
1969,纺织服装,603130
1970,纺织服装,603196
1971,纺织服装,838262
1972,纺织服装,603877
1973,纺织服装,002098
1974,纺织服装,002404
1975,纺织服装,002083
1976,纺织服装,600630
1977,纺织服装,001234
1978,纺织服装,600156
1979,纺织服装,601566
1980,纺织服装,600177
1981,纺织服装,300577
1982,纺织服装,605003
1983,纺织服装,603055
1984,纺织服装,002656
1985,纺织服装,002029
1986,纺织服装,603587
1987,纺织服装,002832
1988,纺织服装,002563
1989,纺织服装,002042
1990,纺织服装,002485
1991,纺织服装,601599
1992,纺织服装,002397
1993,纺织服装,002327
1994,纺织服装,002612
1995,纺织服装,600448
1996,纺织服装,603665
1997,纺织服装,002003
1998,纺织服装,002269
1999,纺织服装,001390
2000,纺织服装,301066
2001,纺织服装,300840
2002,纺织服装,002674
2003,纺织服装,600400
2004,纺织服装,605055
2005,纺织服装,603365
2006,纺织服装,300952
2007,纺织服装,601718
2008,纺织服装,603608
2009,纺织服装,002875
2010,纺织服装,003041
2011,纺织服装,002634
2012,纺织服装,603958
2013,纺织服装,300901
2014,纺织服装,300819
2015,纺织服装,603557
2016,医药商业,301263
2017,医药商业,600998
2018,医药商业,603233
2019,医药商业,002727
2020,医药商业,603122
2021,医药商业,000705
2022,医药商业,002788
2023,医药商业,600272
2024,医药商业,600056
2025,医药商业,301126
2026,医药商业,600833
2027,医药商业,000950
2028,医药商业,600713
2029,医药商业,000411
2030,医药商业,002462
2031,医药商业,601607
2032,医药商业,600829
2033,医药商业,301408
2034,医药商业,300937
2035,医药商业,002589
2036,医药商业,900943
2037,医药商业,000028
2038,医药商业,603368
2039,医药商业,301017
2040,医药商业,605266
2041,医药商业,000078
2042,医药商业,600511
2043,医药商业,301015
2044,医药商业,603939
2045,医药商业,603883
2046,医药商业,603716
2047,珠宝首饰,603900
2048,珠宝首饰,002721
2049,珠宝首饰,200026
2050,珠宝首饰,301177
2051,珠宝首饰,600916
2052,珠宝首饰,002731
2053,珠宝首饰,605599
2054,珠宝首饰,600612
2055,珠宝首饰,002574
2056,珠宝首饰,300945
2057,珠宝首饰,002345
2058,珠宝首饰,000017
2059,珠宝首饰,900905
2060,珠宝首饰,000025
2061,珠宝首饰,600655
2062,珠宝首饰,002867
2063,珠宝首饰,000026
2064,化学原料,301076
2065,化学原料,003017
2066,化学原料,300927
2067,化学原料,301069
2068,化学原料,688758
2069,化学原料,600618
2070,化学原料,001255
2071,化学原料,301286
2072,化学原料,301395
2073,化学原料,603067
2074,化学原料,002895
2075,化学原料,603065
2076,化学原料,601678
2077,化学原料,600328
2078,化学原料,001358
2079,化学原料,301059
2080,化学原料,600989
2081,化学原料,000707
2082,化学原料,836957
2083,化学原料,603213
2084,化学原料,600319
2085,化学原料,002136
2086,化学原料,603310
2087,化学原料,688267
2088,化学原料,600727
2089,化学原料,300834
2090,化学原料,603276
2091,化学原料,601568
2092,化学原料,603062
2093,化学原料,830832
2094,化学原料,600929
2095,化学原料,001217
2096,化学原料,600426
2097,化学原料,301090
2098,化学原料,603172
2099,化学原料,301149
2100,化学原料,600844
2101,化学原料,603299
2102,化学原料,832471
2103,化学原料,600746
2104,化学原料,301118
2105,化学原料,301065
2106,化学原料,000818
2107,化学原料,600367
2108,化学原料,000830
2109,化学原料,601065
2110,化学原料,300891
2111,化学原料,002748
2112,化学原料,600423
2113,化学原料,600610
2114,化学原料,002469
2115,化学原料,300082
2116,化学原料,002125
2117,化学原料,600935
2118,化学原料,600623
2119,化学原料,002386
2120,化学原料,002648
2121,化学原料,600714
2122,化学原料,603004
2123,化学原料,000822
2124,化学原料,603663
2125,化学原料,002109
2126,化学原料,831304
2127,化学原料,000301
2128,化学原料,301256
2129,化学原料,000510
2130,化学原料,600409
2131,化学原料,600955
2132,化学原料,838402
2133,化学原料,002145
2134,化学原料,600722
2135,化学原料,603077
2136,化学原料,002092
2137,化学原料,600075
2138,化学原料,601216
2139,化学原料,002601
2140,化学原料,000683
2141,化学原料,301209
2142,化学原料,000990
2143,化学原料,000635
2144,化学原料,603113
2145,化学原料,000545
2146,农药兽药,002513
2147,农药兽药,200553
2148,农药兽药,600389
2149,农药兽药,002258
2150,农药兽药,603566
2151,农药兽药,000553
2152,农药兽药,301035
2153,农药兽药,603810
2154,农药兽药,603585
2155,农药兽药,001231
2156,农药兽药,002215
2157,农药兽药,688526
2158,农药兽药,002004
2159,农药兽药,688098
2160,农药兽药,600731
2161,农药兽药,002942
2162,农药兽药,300119
2163,农药兽药,002391
2164,农药兽药,600596
2165,农药兽药,300261
2166,农药兽药,605033
2167,农药兽药,300796
2168,农药兽药,002496
2169,农药兽药,600195
2170,农药兽药,002868
2171,农药兽药,603639
2172,农药兽药,002749
2173,农药兽药,603360
2174,农药兽药,920819
2175,农药兽药,870866
2176,农药兽药,603970
2177,农药兽药,603599
2178,农药兽药,600538
2179,农药兽药,300871
2180,农药兽药,300804
2181,农药兽药,870656
2182,农药兽药,300575
2183,农药兽药,603718
2184,农药兽药,600226
2185,农药兽药,301665
2186,农药兽药,002250
2187,农药兽药,000525
2188,农药兽药,600201
2189,农药兽药,600486
2190,农药兽药,603086
2191,农药兽药,002734
2192,农药兽药,003042
2193,农药兽药,002688
2194,环保行业,688480
2195,环保行业,002645
2196,环保行业,603126
2197,环保行业,605081
2198,环保行业,688565
2199,环保行业,603359
2200,环保行业,603686
2201,环保行业,301081
2202,环保行业,301265
2203,环保行业,836263
2204,环保行业,603903
2205,环保行业,688309
2206,环保行业,688335
2207,环保行业,002479
2208,环保行业,603200
2209,环保行业,002973
2210,环保行业,000546
2211,环保行业,002266
2212,环保行业,000885
2213,环保行业,688485
2214,环保行业,300948
2215,环保行业,688466
2216,环保行业,002210
2217,环保行业,300929
2218,环保行业,300800
2219,环保行业,600323
2220,环保行业,300190
2221,环保行业,603797
2222,环保行业,603817
2223,环保行业,301500
2224,环保行业,300786
2225,环保行业,300774
2226,环保行业,603177
2227,环保行业,300425
2228,环保行业,300614
2229,环保行业,002034
2230,环保行业,301203
2231,环保行业,688057
2232,环保行业,301175
2233,环保行业,688021
2234,环保行业,601330
2235,环保行业,688370
2236,环保行业,301148
2237,环保行业,003027
2238,环保行业,600874
2239,环保行业,688659
2240,环保行业,300692
2241,环保行业,601200
2242,环保行业,301109
2243,环保行业,601033
2244,环保行业,000920
2245,环保行业,601827
2246,环保行业,001230
2247,环保行业,688679
2248,环保行业,000551
2249,环保行业,300140
2250,环保行业,301372
2251,环保行业,002887
2252,环保行业,301305
2253,环保行业,300864
2254,环保行业,300385
2255,环保行业,600796
2256,环保行业,831370
2257,环保行业,600526
2258,环保行业,301288
2259,环保行业,300664
2260,环保行业,603588
2261,环保行业,300388
2262,环保行业,688701
2263,环保行业,300899
2264,环保行业,300137
2265,环保行业,300334
2266,环保行业,832802
2267,环保行业,300172
2268,环保行业,000820
2269,环保行业,002573
2270,环保行业,300422
2271,环保行业,300187
2272,环保行业,300961
2273,环保行业,301049
2274,环保行业,688101
2275,环保行业,600539
2276,环保行业,605069
2277,环保行业,688376
2278,环保行业,300815
2279,环保行业,300335
2280,环保行业,300055
2281,环保行业,688178
2282,环保行业,603568
2283,环保行业,300070
2284,环保行业,000035
2285,环保行业,000068
2286,环保行业,688069
2287,环保行业,600388
2288,环保行业,000967
2289,环保行业,300867
2290,环保行业,600292
2291,环保行业,300266
2292,环保行业,002672
2293,环保行业,300958
2294,环保行业,301068
2295,环保行业,300210
2296,环保行业,301259
2297,环保行业,300854
2298,环保行业,000711
2299,环保行业,600217
2300,环保行业,000826
2301,环保行业,301127
2302,环保行业,002717
2303,环保行业,300197
2304,环保行业,002310
2305,环保行业,300631
2306,环保行业,300152
2307,环保行业,300355
2308,环保行业,300056
2309,环保行业,688096
2310,环保行业,300203
2311,环保行业,300779
2312,工程咨询服务,300983
2313,工程咨询服务,002949
2314,工程咨询服务,003001
2315,工程咨询服务,300826
2316,工程咨询服务,300500
2317,工程咨询服务,300977
2318,工程咨询服务,603860
2319,工程咨询服务,836892
2320,工程咨询服务,300844
2321,工程咨询服务,300564
2322,工程咨询服务,000928
2323,工程咨询服务,833873
2324,工程咨询服务,002883
2325,工程咨询服务,603909
2326,工程咨询服务,600629
2327,工程咨询服务,301136
2328,工程咨询服务,300989
2329,工程咨询服务,603357
2330,工程咨询服务,300668
2331,工程咨询服务,003013
2332,工程咨询服务,603018
2333,工程咨询服务,833427
2334,工程咨询服务,300732
2335,工程咨询服务,603257
2336,工程咨询服务,002116
2337,工程咨询服务,300635
2338,工程咨询服务,301027
2339,工程咨询服务,603017
2340,工程咨询服务,600720
2341,工程咨询服务,301167
2342,工程咨询服务,000779
2343,工程咨询服务,300284
2344,工程咨询服务,300746
2345,工程咨询服务,603153
2346,工程咨询服务,301091
2347,工程咨询服务,300675
2348,工程咨询服务,300949
2349,工程咨询服务,300778
2350,工程咨询服务,900906
2351,工程咨询服务,300492
2352,工程咨询服务,300649
2353,工程咨询服务,603458
2354,工程咨询服务,603959
2355,工程咨询服务,301505
2356,医疗器械,688317
2357,医疗器械,688607
2358,医疗器械,300326
2359,医疗器械,301580
2360,医疗器械,300238
2361,医疗器械,300813
2362,医疗器械,002932
2363,医疗器械,688075
2364,医疗器械,832278
2365,医疗器械,688013
2366,医疗器械,300639
2367,医疗器械,002022
2368,医疗器械,301234
2369,医疗器械,872925
2370,医疗器械,300677
2371,医疗器械,300642
2372,医疗器械,603309
2373,医疗器械,002901
2374,医疗器械,688613
2375,医疗器械,300439
2376,医疗器械,300030
2377,医疗器械,688358
2378,医疗器械,002817
2379,医疗器械,688399
2380,医疗器械,688067
2381,医疗器械,301367
2382,医疗器械,688217
2383,医疗器械,300314
2384,医疗器械,301093
2385,医疗器械,688338
2386,医疗器械,603987
2387,医疗器械,688289
2388,医疗器械,688273
2389,医疗器械,688606
2390,医疗器械,002432
2391,医疗器械,301290
2392,医疗器械,688277
2393,医疗器械,002382
2394,医疗器械,300289
2395,医疗器械,600587
2396,医疗器械,688236
2397,医疗器械,002950
2398,医疗器械,688576
2399,医疗器械,688767
2400,医疗器械,603387
2401,医疗器械,688298
2402,医疗器械,688468
2403,医疗器械,301060
2404,医疗器械,002030
2405,医疗器械,300453
2406,医疗器械,688677
2407,医疗器械,301122
2408,医疗器械,300653
2409,医疗器械,688085
2410,医疗器械,688314
2411,医疗器械,300981
2412,医疗器械,300396
2413,医疗器械,301097
2414,医疗器械,688626
2415,医疗器械,430300
2416,医疗器械,300171
2417,医疗器械,300869
2418,医疗器械,300482
2419,医疗器械,603658
2420,医疗器械,300206
2421,医疗器械,300358
2422,医疗器械,300246
2423,医疗器械,300406
2424,医疗器械,688351
2425,医疗器械,688108
2426,医疗器械,603880
2427,医疗器械,300318
2428,医疗器械,002223
2429,医疗器械,688575
2430,医疗器械,300529
2431,医疗器械,603976
2432,医疗器械,300685
2433,医疗器械,301363
2434,医疗器械,605369
2435,医疗器械,688580
2436,医疗器械,301602
2437,医疗器械,300562
2438,医疗器械,600055
2439,医疗器械,300595
2440,医疗器械,603014
2441,医疗器械,603301
2442,医疗器械,300753
2443,医疗器械,688389
2444,医疗器械,300463
2445,医疗器械,688366
2446,医疗器械,688410
2447,医疗器械,300676
2448,医疗器械,688161
2449,医疗器械,688271
2450,医疗器械,300003
2451,医疗器械,688301
2452,医疗器械,603205
2453,医疗器械,688105
2454,医疗器械,600529
2455,医疗器械,688581
2456,医疗器械,301515
2457,医疗器械,300832
2458,医疗器械,301087
2459,医疗器械,688198
2460,医疗器械,688114
2461,医疗器械,300633
2462,医疗器械,688139
2463,医疗器械,688016
2464,医疗器械,688617
2465,医疗器械,870199
2466,医疗器械,000710
2467,医疗器械,688050
2468,医疗器械,688029
2469,医疗器械,600807
2470,医疗器械,688212
2471,医疗器械,688393
2472,医疗器械,300760
2473,医疗器械,300049
2474,医疗器械,688068
2475,医疗器械,002551
2476,医疗器械,300298
2477,医疗器械,688656
2478,电子元件,301176
2479,电子元件,688489
2480,电子元件,688143
2481,电子元件,002384
2482,电子元件,688800
2483,电子元件,002916
2484,电子元件,688025
2485,电子元件,833914
2486,电子元件,002436
2487,电子元件,002938
2488,电子元件,688322
2489,电子元件,000823
2490,电子元件,300657
2491,电子元件,301285
2492,电子元件,600288
2493,电子元件,301041
2494,电子元件,600237
2495,电子元件,301320
2496,电子元件,603186
2497,电子元件,301217
2498,电子元件,605058
2499,电子元件,688210
2500,电子元件,301251
2501,电子元件,301458
2502,电子元件,301359
2503,电子元件,603115
2504,电子元件,002782
2505,电子元件,300739
2506,电子元件,603228
2507,电子元件,002161
2508,电子元件,871857
2509,电子元件,301282
2510,电子元件,002484
2511,电子元件,000062
2512,电子元件,002463
2513,电子元件,301280
2514,电子元件,002137
2515,电子元件,300852
2516,电子元件,600183
2517,电子元件,301328
2518,电子元件,301329
2519,电子元件,300868
2520,电子元件,300460
2521,电子元件,605258
2522,电子元件,603124
2523,电子元件,872374
2524,电子元件,002922
2525,电子元件,300475
2526,电子元件,834950
2527,电子元件,688539
2528,电子元件,688496
2529,电子元件,688655
2530,电子元件,001389
2531,电子元件,603052
2532,电子元件,603375
2533,电子元件,002138
2534,电子元件,603738
2535,电子元件,603386
2536,电子元件,002025
2537,电子元件,688020
2538,电子元件,688093
2539,电子元件,002815
2540,电子元件,002729
2541,电子元件,300227
2542,电子元件,000636
2543,电子元件,301566
2544,电子元件,300124
2545,电子元件,301132
2546,电子元件,688582
2547,电子元件,002859
2548,电子元件,002141
2549,电子元件,301628
2550,电子元件,688511
2551,电子元件,600353
2552,电子元件,836395
2553,电子元件,603989
2554,电子元件,300964
2555,电子元件,920008
2556,电子元件,301631
2557,电子元件,301413
2558,电子元件,603920
2559,电子元件,300408
2560,电子元件,300903
2561,电子元件,300747
2562,电子元件,600563
2563,电子元件,920060
2564,电子元件,688035
2565,电子元件,688371
2566,电子元件,837212
2567,电子元件,300991
2568,电子元件,832110
2569,电子元件,301319
2570,电子元件,688519
2571,电子元件,300476
2572,电子元件,838701
2573,电子元件,300656
2574,电子元件,300319
2575,电子元件,002388
2576,电子元件,300814
2577,电子元件,603328
2578,电子元件,600478
2579,电子元件,002913
2580,电子元件,002869
2581,电子元件,301517
2582,电子元件,002724
2583,电子元件,688662
2584,电子元件,688183
2585,电子元件,200020
2586,电子元件,001298
2587,电子元件,837821
2588,电子元件,900938
2589,电子元件,688629
2590,电子元件,688053
2591,电子元件,002414
2592,电子元件,301383
2593,电子元件,002134
2594,电子元件,870357
2595,电子元件,002214
2596,电子元件,002179
2597,电子元件,002199
2598,电子元件,000733
2599,电子元件,300220
2600,电子元件,871981
2601,电子元件,200541
2602,电子元件,000988
2603,电子元件,301571
2604,电子元件,600884
2605,电子元件,600601
2606,电子元件,200725
2607,电子元件,688375
2608,电子元件,301389
2609,电子元件,300474
2610,电子元件,300726
2611,电子元件,688103
2612,电子元件,300936
2613,电子元件,301366
2614,电子元件,301021
2615,电子元件,300516
2616,电子元件,301577
2617,电子元件,603936
2618,电子元件,002579
2619,电子元件,603267
2620,电子元件,603678
2621,电子元件,920128
2622,电子元件,301622
2623,电子元件,430718
2624,电子元件,688776
2625,电子元件,002636
2626,燃气,002911
2627,燃气,001299
2628,燃气,000593
2629,燃气,603706
2630,燃气,002267
2631,燃气,000407
2632,燃气,600956
2633,燃气,603080
2634,燃气,603318
2635,燃气,600681
2636,燃气,600617
2637,燃气,603689
2638,燃气,600803
2639,燃气,300483
2640,燃气,601139
2641,燃气,605169
2642,燃气,300332
2643,燃气,603053
2644,燃气,600917
2645,燃气,831010
2646,燃气,600903
2647,燃气,000968
2648,燃气,002259
2649,燃气,002700
2650,燃气,603393
2651,燃气,605368
2652,燃气,600333
2653,燃气,900913
2654,燃气,600635
2655,燃气,000421
2656,燃气,605090
2657,燃气,300435
2658,燃气,000669
2659,装修建材,301227
2660,装修建材,603268
2661,装修建材,603389
2662,装修建材,300599
2663,装修建材,002066
2664,装修建材,603838
2665,装修建材,603313
2666,装修建材,002652
2667,装修建材,002225
2668,装修建材,001238
2669,装修建材,603226
2670,装修建材,002333
2671,装修建材,603898
2672,装修建材,603208
2673,装修建材,001216
2674,装修建材,301429
2675,装修建材,002718
2676,装修建材,603180
2677,装修建材,603709
2678,装修建材,002398
2679,装修建材,002790
2680,装修建材,300616
2681,装修建材,300749
2682,装修建材,300234
2683,装修建材,300715
2684,装修建材,603137
2685,装修建材,002641
2686,装修建材,002918
2687,装修建材,001322
2688,装修建材,002392
2689,装修建材,002785
2690,装修建材,301010
2691,装修建材,603600
2692,装修建材,603992
2693,装修建材,000619
2694,装修建材,003012
2695,装修建材,002043
2696,装修建材,000663
2697,装修建材,603326
2698,装修建材,002088
2699,装修建材,000786
2700,装修建材,002798
2701,装修建材,000910
2702,装修建材,603378
2703,装修建材,002372
2704,装修建材,002694
2705,装修建材,603610
2706,装修建材,002631
2707,装修建材,601996
2708,装修建材,002791
2709,装修建材,603008
2710,装修建材,603816
2711,装修建材,300737
2712,装修建材,002572
2713,装修建材,002853
2714,装修建材,002457
2715,装修建材,603661
2716,装修建材,002323
2717,装修建材,600076
2718,装修建材,603801
2719,装修建材,002271
2720,装修建材,603818
2721,装修建材,600337
2722,装修建材,300198
2723,装修建材,603737
2724,装修建材,002162
2725,装修建材,603833
2726,装修建材,603856
2727,化肥行业,600078
2728,化肥行业,000408
2729,化肥行业,000902
2730,化肥行业,002588
2731,化肥行业,002545
2732,化肥行业,002539
2733,化肥行业,002538
2734,化肥行业,000792
2735,化肥行业,600141
2736,化肥行业,600470
2737,化肥行业,300387
2738,化肥行业,002312
2739,化肥行业,000422
2740,化肥行业,002556
2741,化肥行业,600096
2742,化肥行业,000912
2743,化肥行业,000731
2744,化肥行业,002999
2745,化肥行业,002470
2746,化肥行业,600691
2747,化肥行业,000893
2748,化肥行业,300505
2749,化肥行业,002170
2750,化肥行业,600227
2751,化肥行业,603395
2752,化肥行业,002274
2753,消费电子,603380
2754,消费电子,688683
2755,消费电子,603296
2756,消费电子,002885
2757,消费电子,300866
2758,消费电子,301086
2759,消费电子,300433
2760,消费电子,002937
2761,消费电子,300956
2762,消费电子,301182
2763,消费电子,300709
2764,消费电子,300976
2765,消费电子,301387
2766,消费电子,300916
2767,消费电子,301606
2768,消费电子,300543
2769,消费电子,300812
2770,消费电子,300686
2771,消费电子,002993
2772,消费电子,001308
2773,消费电子,300602
2774,消费电子,002866
2775,消费电子,300322
2776,消费电子,872190
2777,消费电子,301489
2778,消费电子,300115
2779,消费电子,301135
2780,消费电子,301503
2781,消费电子,300647
2782,消费电子,002888
2783,消费电子,300951
2784,消费电子,688036
2785,消费电子,603890
2786,消费电子,300787
2787,消费电子,301180
2788,消费电子,831167
2789,消费电子,301326
2790,消费电子,002981
2791,消费电子,002925
2792,消费电子,301578
2793,消费电子,301318
2794,消费电子,300679
2795,消费电子,301051
2796,消费电子,300822
2797,消费电子,002139
2798,消费电子,605277
2799,消费电子,300735
2800,消费电子,688678
2801,消费电子,688007
2802,消费电子,301567
2803,消费电子,300793
2804,消费电子,603595
2805,消费电子,002843
2806,消费电子,300136
2807,消费电子,002600
2808,消费电子,003028
2809,消费电子,002635
2810,消费电子,603327
2811,消费电子,300032
2812,消费电子,301123
2813,消费电子,002055
2814,消费电子,300131
2815,消费电子,603626
2816,消费电子,300857
2817,消费电子,002881
2818,消费电子,300279
2819,消费电子,002660
2820,消费电子,002402
2821,消费电子,002369
2822,消费电子,300843
2823,消费电子,833346
2824,消费电子,002577
2825,消费电子,600203
2826,消费电子,300684
2827,消费电子,002855
2828,消费电子,002947
2829,消费电子,601138
2830,消费电子,002655
2831,消费电子,603341
2832,消费电子,688260
2833,消费电子,301067
2834,消费电子,002475
2835,消费电子,300968
2836,消费电子,002351
2837,消费电子,002841
2838,消费电子,301486
2839,消费电子,001314
2840,消费电子,002861
2841,消费电子,603629
2842,消费电子,000021
2843,消费电子,601231
2844,消费电子,002045
2845,消费电子,600745
2846,消费电子,002241
2847,消费电子,688775
2848,消费电子,600130
2849,消费电子,300256
2850,消费电子,832876
2851,消费电子,002681
2852,消费电子,301626
2853,消费电子,300847
2854,物流行业,600179
2855,物流行业,001202
2856,物流行业,603565
2857,物流行业,002492
2858,物流行业,603813
2859,物流行业,000557
2860,物流行业,603535
2861,物流行业,002889
2862,物流行业,002800
2863,物流行业,600057
2864,物流行业,601598
2865,物流行业,600119
2866,物流行业,001331
2867,物流行业,001228
2868,物流行业,900914
2869,物流行业,605050
2870,物流行业,001317
2871,物流行业,603871
2872,物流行业,603066
2873,物流行业,000906
2874,物流行业,000927
2875,物流行业,603648
2876,物流行业,603569
2877,物流行业,603967
2878,物流行业,601006
2879,物流行业,603223
2880,物流行业,600180
2881,物流行业,002352
2882,物流行业,600125
2883,物流行业,872351
2884,物流行业,300350
2885,物流行业,688211
2886,物流行业,603329
2887,物流行业,001213
2888,物流行业,603836
2889,物流行业,603117
2890,物流行业,002769
2891,物流行业,603128
2892,物流行业,001391
2893,物流行业,603056
2894,物流行业,002120
2895,物流行业,002682
2896,物流行业,600787
2897,物流行业,600704
2898,物流行业,300873
2899,物流行业,603713
2900,物流行业,300013
2901,物流行业,002930
2902,物流行业,601156
2903,物流行业,002010
2904,物流行业,600233
2905,物流行业,600603
2906,物流行业,300240
2907,物流行业,600794
2908,物流行业,002468
2909,风电设备,603063
2910,风电设备,300129
2911,风电设备,301063
2912,风电设备,605305
2913,风电设备,002487
2914,风电设备,300850
2915,风电设备,300690
2916,风电设备,300569
2917,风电设备,603507
2918,风电设备,301163
2919,风电设备,301456
2920,风电设备,300443
2921,风电设备,002531
2922,风电设备,301232
2923,风电设备,301557
2924,风电设备,300185
2925,风电设备,688349
2926,风电设备,603218
2927,风电设备,300772
2928,风电设备,688186
2929,风电设备,601218
2930,风电设备,300904
2931,风电设备,600458
2932,风电设备,301155
2933,风电设备,002202
2934,风电设备,601615
2935,风电设备,000809
2936,风电设备,600072
2937,风电设备,301040
2938,风电设备,688660
2939,风电设备,603985
2940,橡胶制品,836247
2941,橡胶制品,301459
2942,橡胶制品,002753
2943,橡胶制品,301233
2944,橡胶制品,600469
2945,橡胶制品,873665
2946,橡胶制品,600182
2947,橡胶制品,300547
2948,橡胶制品,002224
2949,橡胶制品,002442
2950,橡胶制品,603049
2951,橡胶制品,871694
2952,橡胶制品,601500
2953,橡胶制品,300767
2954,橡胶制品,601163
2955,橡胶制品,000589
2956,橡胶制品,002984
2957,橡胶制品,300731
2958,橡胶制品,601966
2959,橡胶制品,002381
2960,橡胶制品,001207
2961,橡胶制品,605183
2962,橡胶制品,871642
2963,橡胶制品,000599
2964,橡胶制品,832225
2965,橡胶制品,601058
2966,橡胶制品,920098
2967,橡胶制品,300320
2968,橡胶制品,603650
2969,橡胶制品,002068
2970,橡胶制品,601118
2971,橡胶制品,300587
2972,橡胶制品,300121
2973,橡胶制品,603033
2974,化纤行业,000420
2975,化纤行业,836077
2976,化纤行业,688722
2977,化纤行业,688295
2978,化纤行业,300876
2979,化纤行业,301057
2980,化纤行业,002998
2981,化纤行业,002206
2982,化纤行业,000782
2983,化纤行业,600889
2984,化纤行业,002493
2985,化纤行业,688203
2986,化纤行业,601113
2987,化纤行业,600346
2988,化纤行业,000936
2989,化纤行业,603382
2990,化纤行业,002064
2991,化纤行业,000949
2992,化纤行业,300777
2993,化纤行业,603332
2994,化纤行业,601233
2995,化纤行业,000703
2996,化纤行业,600810
2997,化纤行业,600527
2998,化纤行业,002427
2999,化纤行业,600063
3000,化纤行业,603225
3001,化纤行业,002254
3002,化纤行业,000677
3003,中药,002107
3004,中药,002873
3005,中药,600222
3006,中药,603858
3007,中药,002566
3008,中药,002728
3009,中药,600557
3010,中药,300878
3011,中药,002166
3012,中药,600671
3013,中药,300519
3014,中药,000650
3015,中药,301111
3016,中药,002826
3017,中药,002864
3018,中药,002412
3019,中药,002317
3020,中药,600479
3021,中药,603896
3022,中药,600252
3023,中药,002644
3024,中药,603998
3025,中药,002198
3026,中药,000919
3027,中药,600976
3028,中药,002390
3029,中药,600594
3030,中药,600518
3031,中药,600351
3032,中药,600572
3033,中药,600129
3034,中药,002349
3035,中药,600566
3036,中药,600422
3037,中药,002275
3038,中药,002287
3039,中药,002907
3040,中药,600080
3041,中药,002603
3042,中药,600993
3043,中药,300026
3044,中药,600750
3045,中药,300391
3046,中药,300534
3047,中药,300039
3048,中药,836433
3049,中药,600535
3050,中药,603567
3051,中药,603139
3052,中药,000538
3053,中药,600085
3054,中药,600285
3055,中药,600436
3056,中药,600332
3057,中药,833266
3058,中药,600771
3059,中药,600329
3060,中药,002737
3061,中药,000999
3062,中药,301331
3063,中药,300181
3064,中药,300147
3065,中药,000790
3066,中药,002424
3067,中药,605199
3068,中药,000423
3069,中药,000989
3070,中药,000590
3071,中药,603439
3072,水泥建材,003037
3073,水泥建材,002671
3074,水泥建材,002596
3075,水泥建材,000789
3076,水泥建材,600585
3077,水泥建材,000672
3078,水泥建材,600449
3079,水泥建材,000877
3080,水泥建材,600668
3081,水泥建材,600326
3082,水泥建材,002742
3083,水泥建材,002233
3084,水泥建材,600678
3085,水泥建材,600802
3086,水泥建材,600801
3087,水泥建材,600496
3088,水泥建材,002743
3089,水泥建材,002302
3090,水泥建材,000401
3091,水泥建材,600477
3092,水泥建材,603616
3093,水泥建材,002541
3094,水泥建材,600425
3095,水泥建材,601992
3096,水泥建材,002205
3097,水泥建材,600881
3098,水泥建材,000935
3099,水泥建材,605122
3100,有色金属,601609
3101,有色金属,002295
3102,有色金属,601212
3103,有色金属,000603
3104,有色金属,600531
3105,有色金属,000426
3106,有色金属,600490
3107,有色金属,688786
3108,有色金属,002988
3109,有色金属,688102
3110,有色金属,000612
3111,有色金属,600768
3112,有色金属,002203
3113,有色金属,300337
3114,有色金属,603937
3115,有色金属,300828
3116,有色金属,601702
3117,有色金属,000758
3118,有色金属,002379
3119,有色金属,601899
3120,有色金属,600338
3121,有色金属,300057
3122,有色金属,600595
3123,有色金属,002540
3124,有色金属,002114
3125,有色金属,688257
3126,有色金属,002978
3127,有色金属,000630
3128,有色金属,600497
3129,有色金属,600362
3130,有色金属,002996
3131,有色金属,002160
3132,有色金属,000633
3133,有色金属,603876
3134,有色金属,003038
3135,有色金属,000060
3136,有色金属,000878
3137,有色金属,600888
3138,有色金属,300963
3139,有色金属,002824
3140,有色金属,688750
3141,有色金属,603527
3142,有色金属,603132
3143,有色金属,601677
3144,有色金属,601388
3145,有色金属,601137
3146,有色金属,000688
3147,有色金属,688456
3148,有色金属,600361
3149,有色金属,600961
3150,有色金属,688122
3151,有色金属,601168
3152,有色金属,603271
3153,有色金属,300034
3154,有色金属,600219
3155,有色金属,002578
3156,有色金属,000751
3157,有色金属,002182
3158,有色金属,301522
3159,有色金属,603978
3160,有色金属,002171
3161,有色金属,600331
3162,有色金属,000737
3163,有色金属,601600
3164,有色金属,300855
3165,有色金属,000933
3166,有色金属,600255
3167,有色金属,688231
3168,有色金属,871634
3169,有色金属,300697
3170,有色金属,002501
3171,有色金属,002532
3172,有色金属,000807
3173,有色金属,601020
3174,有色金属,300930
3175,有色金属,603045
3176,铁路公路,600650
3177,铁路公路,002357
3178,铁路公路,200429
3179,铁路公路,600368
3180,铁路公路,000886
3181,铁路公路,600834
3182,铁路公路,603069
3183,铁路公路,000755
3184,铁路公路,600350
3185,铁路公路,600561
3186,铁路公路,601518
3187,铁路公路,600033
3188,铁路公路,601188
3189,铁路公路,000548
3190,铁路公路,001965
3191,铁路公路,600269
3192,铁路公路,600035
3193,铁路公路,600611
3194,铁路公路,600020
3195,铁路公路,600548
3196,铁路公路,600377
3197,铁路公路,601107
3198,铁路公路,601816
3199,铁路公路,600012
3200,铁路公路,601333
3201,铁路公路,900903
3202,铁路公路,600106
3203,铁路公路,000900
3204,铁路公路,000828
3205,铁路公路,000429
3206,综合行业,600620
3207,综合行业,002758
3208,综合行业,600805
3209,综合行业,600673
3210,综合行业,600568
3211,综合行业,000803
3212,综合行业,600784
3213,综合行业,600051
3214,综合行业,000009
3215,综合行业,000833
3216,综合行业,000909
3217,综合行业,000632
3218,综合行业,002053
3219,综合行业,000158
3220,综合行业,000839
3221,综合行业,600770
3222,综合行业,600624
3223,综合行业,200025
3224,综合行业,000652
3225,综合行业,000532
3226,综合行业,600113
3227,工程建设,603176
3228,工程建设,300517
3229,工程建设,300536
3230,工程建设,002140
3231,工程建设,601611
3232,工程建设,002062
3233,工程建设,300982
3234,工程建设,605598
3235,工程建设,603637
3236,工程建设,605303
3237,工程建设,601117
3238,工程建设,300712
3239,工程建设,600820
3240,工程建设,830964
3241,工程建设,603815
3242,工程建设,600970
3243,工程建设,601868
3244,工程建设,001267
3245,工程建设,601669
3246,工程建设,600853
3247,工程建设,600502
3248,工程建设,601668
3249,工程建设,601186
3250,工程建设,301098
3251,工程建设,600284
3252,工程建设,603098
3253,工程建设,002060
3254,工程建设,301058
3255,工程建设,601390
3256,工程建设,600133
3257,工程建设,600512
3258,工程建设,601618
3259,工程建设,600248
3260,工程建设,002061
3261,工程建设,601800
3262,工程建设,002761
3263,工程建设,601133
3264,工程建设,600170
3265,工程建设,002775
3266,工程建设,002586
3267,工程建设,002135
3268,工程建设,000498
3269,工程建设,603163
3270,工程建设,002941
3271,工程建设,002307
3272,工程建设,603843
3273,工程建设,600039
3274,工程建设,002051
3275,工程建设,601789
3276,工程建设,600491
3277,工程建设,600769
3278,工程建设,603316
3279,工程建设,600667
3280,工程建设,603007
3281,工程建设,603955
3282,工程建设,836149
3283,工程建设,600846
3284,工程建设,000010
3285,工程建设,000065
3286,工程建设,002663
3287,工程建设,600939
3288,工程建设,000628
3289,工程建设,002431
3290,工程建设,301038
3291,工程建设,002542
3292,工程建设,002628
3293,工程建设,601068
3294,工程建设,301024
3295,工程建设,603388
3296,医疗服务,301235
3297,医疗服务,688222
3298,医疗服务,605186
3299,医疗服务,603259
3300,医疗服务,301080
3301,医疗服务,688238
3302,医疗服务,688246
3303,医疗服务,301201
3304,医疗服务,301520
3305,医疗服务,301103
3306,医疗服务,002172
3307,医疗服务,688621
3308,医疗服务,002524
3309,医疗服务,301267
3310,医疗服务,600721
3311,医疗服务,200028
3312,医疗服务,301239
3313,医疗服务,688315
3314,医疗服务,000516
3315,医疗服务,301257
3316,医疗服务,301096
3317,医疗服务,300404
3318,医疗服务,300143
3319,医疗服务,688076
3320,医疗服务,603127
3321,医疗服务,002821
3322,医疗服务,301333
3323,医疗服务,300149
3324,医疗服务,600327
3325,医疗服务,301293
3326,医疗服务,301033
3327,医疗服务,600763
3328,医疗服务,002173
3329,医疗服务,300015
3330,医疗服务,002622
3331,医疗服务,603882
3332,医疗服务,002044
3333,医疗服务,300244
3334,医疗服务,000504
3335,医疗服务,002219
3336,医疗服务,300759
3337,医疗服务,603108
3338,医疗服务,300347
3339,医疗服务,688202
3340,电池,300648
3341,电池,873152
3342,电池,300953
3343,电池,833523
3344,电池,688499
3345,电池,002245
3346,电池,688148
3347,电池,002850
3348,电池,600847
3349,电池,688638
3350,电池,002580
3351,电池,688819
3352,电池,688345
3353,电池,605378
3354,电池,301587
3355,电池,688005
3356,电池,300014
3357,电池,300450
3358,电池,835185
3359,电池,836239
3360,电池,688155
3361,电池,835237
3362,电池,688339
3363,电池,300037
3364,电池,301222
3365,电池,300340
3366,电池,688573
3367,电池,600241
3368,电池,600110
3369,电池,831627
3370,电池,688275
3371,电池,688006
3372,电池,603031
3373,电池,688388
3374,电池,603906
3375,电池,301325
3376,电池,300769
3377,电池,601311
3378,电池,002812
3379,电池,000049
3380,电池,301511
3381,电池,301358
3382,电池,688778
3383,电池,688772
3384,电池,688779
3385,电池,002759
3386,电池,688707
3387,电池,300073
3388,电池,300068
3389,电池,300919
3390,电池,301152
3391,电池,300438
3392,电池,300890
3393,电池,301121
3394,电池,688567
3395,电池,300530
3396,电池,603032
3397,电池,001283
3398,电池,002074
3399,电池,002733
3400,电池,301150
3401,电池,600152
3402,电池,002805
3403,电池,301238
3404,电池,301210
3405,电池,300457
3406,电池,300750
3407,电池,603659
3408,电池,300619
3409,电池,300568
3410,电池,688063
3411,电池,301487
3412,电池,300207
3413,电池,830809
3414,电池,688184
3415,家用轻工,300329
3416,家用轻工,603091
3417,家用轻工,001323
3418,家用轻工,605268
3419,家用轻工,301501
3420,家用轻工,301336
3421,家用轻工,001211
3422,家用轻工,873132
3423,家用轻工,301588
3424,家用轻工,301101
3425,家用轻工,300640
3426,家用轻工,301335
3427,家用轻工,605155
3428,家用轻工,002348
3429,家用轻工,301287
3430,家用轻工,605299
3431,家用轻工,300993
3432,家用轻工,300703
3433,家用轻工,001300
3434,家用轻工,002678
3435,家用轻工,002615
3436,家用轻工,002301
3437,家用轻工,301595
3438,家用轻工,002862
3439,家用轻工,603195
3440,家用轻工,002571
3441,家用轻工,301004
3442,家用轻工,301376
3443,家用轻工,002489
3444,家用轻工,002899
3445,家用轻工,300729
3446,家用轻工,600439
3447,家用轻工,920445
3448,家用轻工,001222
3449,家用轻工,605099
3450,家用轻工,300163
3451,家用轻工,300651
3452,家用轻工,603899
3453,家用轻工,603848
3454,家用轻工,002103
3455,家用轻工,002094
3456,煤炭行业,600121
3457,煤炭行业,601015
3458,煤炭行业,601088
3459,煤炭行业,600997
3460,煤炭行业,600395
3461,煤炭行业,601225
3462,煤炭行业,600546
3463,煤炭行业,600971
3464,煤炭行业,600188
3465,煤炭行业,600725
3466,煤炭行业,600925
3467,煤炭行业,601918
3468,煤炭行业,000937
3469,煤炭行业,600508
3470,煤炭行业,600123
3471,煤炭行业,600348
3472,煤炭行业,601101
3473,煤炭行业,601898
3474,煤炭行业,900948
3475,煤炭行业,600758
3476,煤炭行业,601666
3477,煤炭行业,600792
3478,煤炭行业,000983
3479,煤炭行业,601699
3480,煤炭行业,601011
3481,煤炭行业,000552
3482,煤炭行业,601001
3483,煤炭行业,000571
3484,煤炭行业,002128
3485,煤炭行业,600985
3486,煤炭行业,600740
3487,煤炭行业,600397
3488,煤炭行业,000723
3489,煤炭行业,600403
3490,煤炭行业,600408
3491,食品饮料,002852
3492,食品饮料,603697
3493,食品饮料,600737
3494,食品饮料,605016
3495,食品饮料,600381
3496,食品饮料,605198
3497,食品饮料,605499
3498,食品饮料,003030
3499,食品饮料,603020
3500,食品饮料,605300
3501,食品饮料,002661
3502,食品饮料,605077
3503,食品饮料,688089
3504,食品饮料,603235
3505,食品饮料,002847
3506,食品饮料,603866
3507,食品饮料,603755
3508,食品饮料,000911
3509,食品饮料,600419
3510,食品饮料,603102
3511,食品饮料,300146
3512,食品饮料,300741
3513,食品饮料,002910
3514,食品饮料,002956
3515,食品饮料,000529
3516,食品饮料,002695
3517,食品饮料,002946
3518,食品饮料,605089
3519,食品饮料,605179
3520,食品饮料,301206
3521,食品饮料,300765
3522,食品饮料,600298
3523,食品饮料,002626
3524,食品饮料,002732
3525,食品饮料,603237
3526,食品饮料,300973
3527,食品饮料,002515
3528,食品饮料,002650
3529,食品饮料,300915
3530,食品饮料,605339
3531,食品饮料,002597
3532,食品饮料,836422
3533,食品饮料,002330
3534,食品饮料,605338
3535,食品饮料,300999
3536,食品饮料,300908
3537,食品饮料,300783
3538,食品饮料,002719
3539,食品饮料,001318
3540,食品饮料,000523
3541,食品饮料,000639
3542,食品饮料,605567
3543,食品饮料,000895
3544,食品饮料,002329
3545,食品饮料,600189
3546,食品饮料,301116
3547,食品饮料,603517
3548,食品饮料,605388
3549,食品饮料,831726
3550,食品饮料,002216
3551,食品饮料,002820
3552,食品饮料,600872
3553,食品饮料,003000
3554,食品饮料,300791
3555,食品饮料,600305
3556,食品饮料,603536
3557,食品饮料,603156
3558,食品饮料,600962
3559,食品饮料,603696
3560,食品饮料,300106
3561,食品饮料,603027
3562,食品饮料,300898
3563,食品饮料,002495
3564,食品饮料,001215
3565,食品饮料,001219
3566,食品饮料,200019
3567,食品饮料,002726
3568,食品饮料,300829
3569,食品饮料,600300
3570,食品饮料,603317
3571,食品饮料,002507
3572,食品饮料,603345
3573,食品饮料,002840
3574,食品饮料,600429
3575,食品饮料,832023
3576,食品饮料,600597
3577,食品饮料,605337
3578,食品饮料,600073
3579,食品饮料,833429
3580,食品饮料,836826
3581,食品饮料,603170
3582,食品饮料,603288
3583,食品饮料,002991
3584,食品饮料,002481
3585,食品饮料,839273
3586,食品饮料,002557
3587,食品饮料,002702
3588,食品饮料,603057
3589,食品饮料,300892
3590,食品饮料,300892
3591,食品饮料,000848
3592,食品饮料,000716
3593,食品饮料,600887
3594,食品饮料,002582
3595,食品饮料,603711
3596,食品饮料,300094
3597,食品饮料,002570
3598,食品饮料,603043
3599,食品饮料,300858
3600,食品饮料,002286
3601,食品饮料,832786
3602,食品饮料,603777
3603,食品饮料,600186
3604,食品饮料,300997
3605,食品饮料,603886
3606,食品饮料,000972
3607,食品饮料,600530
3608,食品饮料,603719
3609,装修装饰,601886
3610,装修装饰,603929
3611,装修装饰,603216
3612,装修装饰,301113
3613,装修装饰,603272
3614,装修装饰,002047
3615,装修装饰,002247
3616,装修装饰,002856
3617,装修装饰,603385
3618,装修装饰,002084
3619,装修装饰,002081
3620,装修装饰,603408
3621,装修装饰,605287
3622,装修装饰,833580
3623,装修装饰,002620
3624,装修装饰,002713
3625,装修装饰,001212
3626,装修装饰,605318
3627,装修装饰,300621
3628,装修装饰,002375
3629,装修装饰,000055
3630,装修装饰,834765
3631,装修装饰,002963
3632,装修装饰,002822
3633,装修装饰,002989
3634,装修装饰,600193
3635,装修装饰,301365
3636,装修装饰,605289
3637,装修装饰,603038
3638,装修装饰,300506
3639,装修装饰,002789
3640,装修装饰,603828
3641,装修装饰,605178
3642,装修装饰,002482
3643,装修装饰,300374
3644,装修装饰,603030
3645,装修装饰,300986
3646,装修装饰,002830
3647,非金属材料,688281
3648,非金属材料,603119
3649,非金属材料,688708
3650,非金属材料,001301
3651,非金属材料,300395
3652,非金属材料,001296
3653,非金属材料,300743
3654,非金属材料,603260
3655,非金属材料,839792
3656,非金属材料,688119
3657,非金属材料,688357
3658,非金属材料,688300
3659,非金属材料,836807
3660,非金属材料,603826
3661,非金属材料,688733
3662,非金属材料,300035
3663,非金属材料,839719
3664,非金属材料,839725
3665,非金属材料,301611
3666,非金属材料,838971
3667,非金属材料,300861
3668,非金属材料,002057
3669,非金属材料,600516
3670,非金属材料,002130
3671,非金属材料,301071
3672,非金属材料,603612
3673,非金属材料,001359
3674,非金属材料,600330
3675,非金属材料,300409
3676,非金属材料,600172
3677,非金属材料,836675
3678,非金属材料,832175
3679,非金属材料,600783
3680,非金属材料,603688
3681,航天航空,300965
3682,航天航空,301586
3683,航天航空,300159
3684,航天航空,688239
3685,航天航空,300900
3686,航天航空,688543
3687,航天航空,002625
3688,航天航空,688297
3689,航天航空,002297
3690,航天航空,300696
3691,航天航空,920116
3692,航天航空,688685
3693,航天航空,688523
3694,航天航空,688287
3695,航天航空,688237
3696,航天航空,002389
3697,航天航空,002933
3698,航天航空,300722
3699,航天航空,300424
3700,航天航空,002985
3701,航天航空,688066
3702,航天航空,300719
3703,航天航空,002023
3704,航天航空,600118
3705,航天航空,300775
3706,航天航空,600372
3707,航天航空,688586
3708,航天航空,600862
3709,航天航空,688070
3710,航天航空,302132
3711,航天航空,600038
3712,航天航空,600879
3713,航天航空,837006
3714,航天航空,000768
3715,航天航空,003009
3716,航天航空,600765
3717,航天航空,600391
3718,航天航空,600760
3719,航天航空,000697
3720,航天航空,688510
3721,航天航空,000738
3722,航天航空,600893
3723,航天航空,688563
3724,航天航空,600316
3725,航天航空,603261
3726,航天航空,300581
3727,光伏设备,603778
3728,光伏设备,601908
3729,光伏设备,002623
3730,光伏设备,300317
3731,光伏设备,920167
3732,光伏设备,301266
3733,光伏设备,688717
3734,光伏设备,688503
3735,光伏设备,688303
3736,光伏设备,600151
3737,光伏设备,600438
3738,光伏设备,688680
3739,光伏设备,301278
3740,光伏设备,300093
3741,光伏设备,600481
3742,光伏设备,603330
3743,光伏设备,301636
3744,光伏设备,603628
3745,光伏设备,600732
3746,光伏设备,603212
3747,光伏设备,301046
3748,光伏设备,600207
3749,光伏设备,603105
3750,光伏设备,688348
3751,光伏设备,002150
3752,光伏设备,688598
3753,光伏设备,603396
3754,光伏设备,688556
3755,光伏设备,002617
3756,光伏设备,002129
3757,光伏设备,603381
3758,光伏设备,300842
3759,光伏设备,688560
3760,光伏设备,301168
3761,光伏设备,688408
3762,光伏设备,835985
3763,光伏设备,688032
3764,光伏设备,300393
3765,光伏设备,688033
3766,光伏设备,300827
3767,光伏设备,300776
3768,光伏设备,300118
3769,光伏设备,688429
3770,光伏设备,300125
3771,光伏设备,688390
3772,光伏设备,000821
3773,光伏设备,688599
3774,光伏设备,601012
3775,光伏设备,300724
3776,光伏设备,688472
3777,光伏设备,603185
3778,光伏设备,002897
3779,光伏设备,688516
3780,光伏设备,300051
3781,光伏设备,688223
3782,光伏设备,605117
3783,光伏设备,300345
3784,光伏设备,688726
3785,光伏设备,300316
3786,光伏设备,300274
3787,光伏设备,601865
3788,光伏设备,300751
3789,光伏设备,002865
3790,光伏设备,002056
3791,光伏设备,600876
3792,光伏设备,300029
3793,光伏设备,002459
3794,光伏设备,001269
3795,光伏设备,002218
3796,光伏设备,300763
3797,光伏设备,603806
3798,光伏设备,002506
3799,光伏设备,834770
3800,光伏设备,301658
3801,光伏设备,600537
3802,光伏设备,300716
3803,光伏设备,603398
3804,光伏设备,002309
3805,通信设备,600462
3806,通信设备,300414
3807,通信设备,003040
3808,通信设备,300205
3809,通信设备,301419
3810,通信设备,300308
3811,通信设备,688418
3812,通信设备,688182
3813,通信设备,603083
3814,通信设备,300353
3815,通信设备,601869
3816,通信设备,002396
3817,通信设备,603803
3818,通信设备,301314
3819,通信设备,300615
3820,通信设备,688100
3821,通信设备,301189
3822,通信设备,300710
3823,通信设备,000586
3824,通信设备,002296
3825,通信设备,688788
3826,通信设备,300213
3827,通信设备,688080
3828,通信设备,300101
3829,通信设备,688311
3830,通信设备,688175
3831,通信设备,688387
3832,通信设备,688159
3833,通信设备,300394
3834,通信设备,002902
3835,通信设备,688618
3836,通信设备,300397
3837,通信设备,600522
3838,通信设备,002281
3839,通信设备,301307
3840,通信设备,300711
3841,通信设备,300698
3842,通信设备,688027
3843,通信设备,300629
3844,通信设备,300620
3845,通信设备,300504
3846,通信设备,603236
3847,通信设备,688609
3848,通信设备,301600
3849,通信设备,300590
3850,通信设备,002313
3851,通信设备,300563
3852,通信设备,300502
3853,通信设备,002792
3854,通信设备,835640
3855,通信设备,003031
3856,通信设备,688132
3857,通信设备,603118
3858,通信设备,002977
3859,通信设备,600435
3860,通信设备,900941
3861,通信设备,300762
3862,通信设备,002935
3863,通信设备,301191
3864,通信设备,600487
3865,通信设备,300565
3866,通信设备,600498
3867,通信设备,000851
3868,通信设备,301275
3869,通信设备,002829
3870,通信设备,300134
3871,通信设备,300548
3872,通信设备,000561
3873,通信设备,600345
3874,通信设备,002194
3875,通信设备,000063
3876,通信设备,002151
3877,通信设备,600990
3878,通信设备,300570
3879,通信设备,301205
3880,通信设备,600776
3881,通信设备,000547
3882,通信设备,002583
3883,通信设备,300252
3884,通信设备,300638
3885,通信设备,603712
3886,通信设备,002413
3887,通信设备,300913
3888,通信设备,002519
3889,通信设备,002491
3890,通信设备,688552
3891,通信设备,002446
3892,通信设备,300627
3893,通信设备,000810
3894,通信设备,000032
3895,通信设备,300689
3896,通信设备,831961
3897,通信设备,300628
3898,通信设备,600105
3899,通信设备,300555
3900,通信设备,603042
3901,通信设备,600562
3902,通信设备,600775
3903,通信设备,600355
3904,通信设备,002465
3905,通信设备,688313
3906,通信设备,002017
3907,通信设备,688282
3908,通信设备,688668
3909,通信设备,301165
3910,通信设备,000070
3911,通信设备,600198
3912,通信设备,200468
3913,通信设备,002104
3914,光学光电子,002808
3915,光学光电子,002587
3916,光学光电子,301045
3917,光学光电子,301183
3918,光学光电子,003019
3919,光学光电子,002992
3920,光学光电子,300128
3921,光学光电子,301421
3922,光学光电子,603685
3923,光学光电子,002189
3924,光学光电子,301321
3925,光学光电子,001373
3926,光学光电子,603703
3927,光学光电子,301379
3928,光学光电子,300389
3929,光学光电子,002983
3930,光学光电子,000100
3931,光学光电子,688538
3932,光学光电子,605218
3933,光学光电子,300241
3934,光学光电子,688079
3935,光学光电子,300691
3936,光学光电子,300076
3937,光学光电子,688055
3938,光学光电子,600363
3939,光学光电子,300323
3940,光学光电子,688272
3941,光学光电子,000050
3942,光学光电子,300545
3943,光学光电子,688205
3944,光学光电子,300889
3945,光学光电子,300909
3946,光学光电子,300701
3947,光学光电子,300939
3948,光学光电子,001326
3949,光学光电子,002745
3950,光学光电子,600071
3951,光学光电子,300566
3952,光学光电子,002955
3953,光学光电子,600552
3954,光学光电子,603773
3955,光学光电子,300102
3956,光学光电子,300331
3957,光学光电子,300708
3958,光学光电子,300162
3959,光学光电子,300632
3960,光学光电子,300489
3961,光学光电子,002449
3962,光学光电子,300940
3963,光学光电子,000509
3964,光学光电子,688299
3965,光学光电子,300790
3966,光学光电子,300088
3967,光学光电子,300296
3968,光学光电子,002876
3969,光学光电子,300219
3970,光学光电子,002952
3971,光学光电子,688181
3972,光学光电子,002387
3973,光学光电子,605118
3974,光学光电子,300808
3975,光学光电子,000020
3976,光学光电子,000045
3977,光学光电子,000725
3978,光学光电子,300232
3979,光学光电子,300582
3980,光学光电子,002106
3981,光学光电子,300752
3982,光学光电子,603679
3983,光学光电子,301106
3984,光学光电子,002222
3985,光学光电子,873001
3986,光学光电子,002962
3987,光学光电子,002456
3988,光学光电子,600703
3989,光学光电子,688127
3990,光学光电子,688150
3991,光学光电子,688307
3992,光学光电子,600651
3993,光学光电子,688010
3994,光学光电子,003015
3995,光学光电子,002765
3996,光学光电子,002217
3997,光学光电子,002036
3998,光学光电子,688195
3999,光学光电子,300303
4000,光学光电子,300120
4001,光学光电子,002273
4002,光学光电子,300650
4003,光学光电子,688502
4004,光学光电子,688011
4005,光学光电子,603297
4006,光学光电子,000536
4007,光学光电子,301479
4008,光学光电子,002845
4009,光学光电子,002638
4010,光学光电子,600666
4011,光学光电子,600707
4012,光学光电子,000727
4013,光学光电子,002289
4014,光学光电子,300301
4015,美容护理,001206
4016,美容护理,300658
4017,美容护理,300886
4018,美容护理,300955
4019,美容护理,600315
4020,美容护理,300896
4021,美容护理,300740
4022,美容护理,300957
4023,美容护理,301009
4024,美容护理,603059
4025,美容护理,002243
4026,美容护理,603605
4027,美容护理,301108
4028,美容护理,300856
4029,美容护理,600249
4030,美容护理,300132
4031,美容护理,688363
4032,美容护理,301371
4033,美容护理,603630
4034,美容护理,603238
4035,美容护理,605009
4036,美容护理,000615
4037,美容护理,001328
4038,美容护理,603193
4039,美容护理,300849
4040,美容护理,300888
4041,美容护理,603983
4042,美容护理,003006
4043,航运港口,601298
4044,航运港口,000520
4045,航运港口,201872
4046,航运港口,601866
4047,航运港口,601018
4048,航运港口,601919
4049,航运港口,002320
4050,航运港口,600017
4051,航运港口,601083
4052,航运港口,603162
4053,航运港口,600018
4054,航运港口,001205
4055,航运港口,000507
4056,航运港口,833171
4057,航运港口,601228
4058,航运港口,001872
4059,航运港口,000088
4060,航运港口,600279
4061,航运港口,601872
4062,航运港口,600428
4063,航运港口,000582
4064,航运港口,603167
4065,航运港口,601880
4066,航运港口,601326
4067,航运港口,601000
4068,航运港口,600798
4069,航运港口,600026
4070,航运港口,603209
4071,航运港口,000905
4072,航运港口,600717
4073,航运港口,002040
4074,航运港口,601022
4075,航运港口,601975
4076,航运港口,600751
4077,航运港口,601008
4078,航运港口,900952
4079,航运港口,600190
4080,计算机设备,300551
4081,计算机设备,603516
4082,计算机设备,301391
4083,计算机设备,688592
4084,计算机设备,002197
4085,计算机设备,301157
4086,计算机设备,688208
4087,计算机设备,002376
4088,计算机设备,301589
4089,计算机设备,001339
4090,计算机设备,002180
4091,计算机设备,003004
4092,计算机设备,002152
4093,计算机设备,002383
4094,计算机设备,600855
4095,计算机设备,001229
4096,计算机设备,002835
4097,计算机设备,688522
4098,计算机设备,300884
4099,计算机设备,301042
4100,计算机设备,603660
4101,计算机设备,600764
4102,计算机设备,300155
4103,计算机设备,603019
4104,计算机设备,300771
4105,计算机设备,000977
4106,计算机设备,300270
4107,计算机设备,300807
4108,计算机设备,002236
4109,计算机设备,600100
4110,计算机设备,002415
4111,计算机设备,300455
4112,计算机设备,000066
4113,计算机设备,300449
4114,计算机设备,000034
4115,计算机设备,301608
4116,计算机设备,300479
4117,计算机设备,300045
4118,计算机设备,430198
4119,计算机设备,002970
4120,计算机设备,870976
4121,计算机设备,688288
4122,计算机设备,300177
4123,计算机设备,002512
4124,计算机设备,603106
4125,计算机设备,002177
4126,计算机设备,300546
4127,计算机设备,300130
4128,计算机设备,300531
4129,计算机设备,300368
4130,采掘行业,002207
4131,采掘行业,603727
4132,采掘行业,300164
4133,采掘行业,920088
4134,采掘行业,603619
4135,采掘行业,600871
4136,采掘行业,600968
4137,采掘行业,300191
4138,采掘行业,605086
4139,采掘行业,601808
4140,采掘行业,600583
4141,采掘行业,002828
4142,采掘行业,600339
4143,采掘行业,002554
4144,采掘行业,300157
4145,采掘行业,603505
4146,采掘行业,603979
4147,采掘行业,002683
4148,采掘行业,002629
4149,采掘行业,300084
4150,采掘行业,920019
4151,航空机场,600004
4152,航空机场,600897
4153,航空机场,000089
4154,航空机场,600009
4155,航空机场,002928
4156,航空机场,000099
4157,航空机场,600221
4158,航空机场,601111
4159,航空机场,600029
4160,航空机场,600115
4161,航空机场,601021
4162,航空机场,600515
4163,航空机场,603885
4164,航空机场,900945
4165,包装材料,002303
4166,包装材料,003003
4167,包装材料,002228
4168,包装材料,301062
4169,包装材料,002599
4170,包装材料,301223
4171,包装材料,002787
4172,包装材料,002014
4173,包装材料,601515
4174,包装材料,603687
4175,包装材料,301296
4176,包装材料,002752
4177,包装材料,002191
4178,包装材料,603022
4179,包装材料,002799
4180,包装材料,000812
4181,包装材料,600210
4182,包装材料,000659
4183,包装材料,872392
4184,包装材料,300501
4185,包装材料,002846
4186,包装材料,002701
4187,包装材料,002969
4188,包装材料,838163
4189,包装材料,601968
4190,包装材料,002374
4191,包装材料,002735
4192,包装材料,002565
4193,酿酒行业,600059
4194,酿酒行业,600573
4195,酿酒行业,000568
4196,酿酒行业,000858
4197,酿酒行业,002304
4198,酿酒行业,200869
4199,酿酒行业,002461
4200,酿酒行业,600616
4201,酿酒行业,600238
4202,酿酒行业,000729
4203,酿酒行业,000799
4204,酿酒行业,600809
4205,酿酒行业,002646
4206,酿酒行业,601579
4207,酿酒行业,603369
4208,酿酒行业,000869
4209,酿酒行业,603589
4210,酿酒行业,600132
4211,酿酒行业,600600
4212,酿酒行业,000752
4213,酿酒行业,603779
4214,酿酒行业,600084
4215,酿酒行业,600519
4216,酿酒行业,603919
4217,酿酒行业,000860
4218,酿酒行业,600779
4219,酿酒行业,600559
4220,酿酒行业,000596
4221,酿酒行业,600197
4222,酿酒行业,600702
4223,酿酒行业,600543
4224,酿酒行业,603198
4225,酿酒行业,200596
4226,酿酒行业,002568
4227,酿酒行业,600365
4228,酿酒行业,000995
4229,酿酒行业,600199
4230,酿酒行业,600696
4231,酿酒行业,000929
4232,农牧饲渔,688156
4233,农牧饲渔,600097
4234,农牧饲渔,603336
4235,农牧饲渔,002299
4236,农牧饲渔,001338
4237,农牧饲渔,001313
4238,农牧饲渔,603182
4239,农牧饲渔,300268
4240,农牧饲渔,002679
4241,农牧饲渔,002696
4242,农牧饲渔,002458
4243,农牧饲渔,000505
4244,农牧饲渔,001366
4245,农牧饲渔,301156
4246,农牧饲渔,000048
4247,农牧饲渔,001201
4248,农牧饲渔,000638
4249,农牧饲渔,603739
4250,农牧饲渔,000930
4251,农牧饲渔,002772
4252,农牧饲渔,002100
4253,农牧饲渔,603668
4254,农牧饲渔,600883
4255,农牧饲渔,603363
4256,农牧饲渔,000798
4257,农牧饲渔,002746
4258,农牧饲渔,300970
4259,农牧饲渔,300673
4260,农牧饲渔,300313
4261,农牧饲渔,600965
4262,农牧饲渔,002124
4263,农牧饲渔,000876
4264,农牧饲渔,603717
4265,农牧饲渔,002200
4266,农牧饲渔,300138
4267,农牧饲渔,838275
4268,农牧饲渔,600257
4269,农牧饲渔,603231
4270,农牧饲渔,600371
4271,农牧饲渔,300498
4272,农牧饲渔,301498
4273,农牧饲渔,002157
4274,农牧饲渔,300189
4275,农牧饲渔,600127
4276,农牧饲渔,600108
4277,农牧饲渔,600251
4278,农牧饲渔,600359
4279,农牧饲渔,603609
4280,农牧饲渔,601952
4281,农牧饲渔,002041
4282,农牧饲渔,000713
4283,农牧饲渔,002891
4284,农牧饲渔,000998
4285,农牧饲渔,002567
4286,农牧饲渔,002069
4287,农牧饲渔,002548
4288,农牧饲渔,600598
4289,农牧饲渔,600313
4290,农牧饲渔,600975
4291,农牧饲渔,000735
4292,农牧饲渔,300021
4293,农牧饲渔,600354
4294,农牧饲渔,002714
4295,农牧饲渔,002234
4296,农牧饲渔,300761
4297,农牧饲渔,300087
4298,农牧饲渔,002385
4299,农牧饲渔,600540
4300,农牧饲渔,600467
4301,农牧饲渔,600265
4302,农牧饲渔,831087
4303,农牧饲渔,200505
4304,农牧饲渔,002311
4305,农牧饲渔,839371
4306,农牧饲渔,002321
4307,农牧饲渔,832419
4308,农牧饲渔,837403
4309,农牧饲渔,000592
4310,农牧饲渔,603477
4311,农牧饲渔,605296
4312,农牧饲渔,300972
4313,农牧饲渔,300511
4314,农牧饲渔,300967
4315,农牧饲渔,002086
4316,农牧饲渔,200992
4317,农牧饲渔,300175
4318,农牧饲渔,600191
4319,农牧饲渔,603151
4320,农牧饲渔,002982
4321,农牧饲渔,871970
4322,农牧饲渔,000702
4323,半导体,688233
4324,半导体,688498
4325,半导体,688661
4326,半导体,603893
4327,半导体,001309
4328,半导体,600877
4329,半导体,688478
4330,半导体,688458
4331,半导体,688256
4332,半导体,688593
4333,半导体,688216
4334,半导体,688702
4335,半导体,001270
4336,半导体,688279
4337,半导体,688381
4338,半导体,688045
4339,半导体,603933
4340,半导体,002156
4341,半导体,301050
4342,半导体,603061
4343,半导体,688711
4344,半导体,002049
4345,半导体,688689
4346,半导体,688396
4347,半导体,688259
4348,半导体,688512
4349,半导体,688530
4350,半导体,300672
4351,半导体,688620
4352,半导体,688416
4353,半导体,688173
4354,半导体,301369
4355,半导体,688469
4356,半导体,688286
4357,半导体,688209
4358,半导体,688699
4359,半导体,688391
4360,半导体,688368
4361,半导体,300831
4362,半导体,688061
4363,半导体,688584
4364,半导体,688766
4365,半导体,300077
4366,半导体,688589
4367,半导体,688261
4368,半导体,688141
4369,半导体,688653
4370,半导体,688147
4371,半导体,688720
4372,半导体,688230
4373,半导体,688047
4374,半导体,688252
4375,半导体,003026
4376,半导体,688515
4377,半导体,605358
4378,半导体,603068
4379,半导体,688535
4380,半导体,688153
4381,半导体,688380
4382,半导体,688172
4383,半导体,688352
4384,半导体,300327
4385,半导体,603005
4386,半导体,300046
4387,半导体,688325
4388,半导体,301678
4389,半导体,688709
4390,半导体,688130
4391,半导体,300456
4392,半导体,300666
4393,半导体,603501
4394,半导体,688372
4395,半导体,688120
4396,半导体,605111
4397,半导体,300223
4398,半导体,688385
4399,半导体,688401
4400,半导体,688008
4401,半导体,301629
4402,半导体,688484
4403,半导体,688249
4404,半导体,002079
4405,半导体,688439
4406,半导体,300373
4407,半导体,688403
4408,半导体,688126
4409,半导体,301308
4410,半导体,688332
4411,半导体,688508
4412,半导体,600584
4413,半导体,300042
4414,半导体,605588
4415,半导体,301536
4416,半导体,603160
4417,半导体,300782
4418,半导体,688525
4419,半导体,603290
4420,半导体,688138
4421,半导体,688693
4422,半导体,301095
4423,半导体,688595
4424,半导体,688107
4425,半导体,688262
4426,半导体,300613
4427,半导体,002119
4428,半导体,688605
4429,半导体,300053
4430,半导体,688449
4431,半导体,688270
4432,半导体,688591
4433,半导体,688721
4434,半导体,301297
4435,半导体,688123
4436,半导体,600460
4437,半导体,688981
4438,半导体,688432
4439,半导体,603324
4440,半导体,688048
4441,半导体,002185
4442,半导体,002077
4443,半导体,603986
4444,半导体,688608
4445,半导体,688798
4446,半导体,300458
4447,半导体,301348
4448,半导体,300604
4449,半导体,688018
4450,半导体,688728
4451,半导体,600171
4452,半导体,300623
4453,半导体,688041
4454,半导体,688049
4455,半导体,300671
4456,半导体,688361
4457,半导体,688135
4458,半导体,688601
4459,半导体,688110
4460,半导体,688409
4461,半导体,688362
4462,半导体,688200
4463,半导体,430139
4464,半导体,002213
4465,半导体,688234
4466,半导体,688652
4467,半导体,688486
4468,半导体,000670
4469,半导体,688167
4470,半导体,688729
4471,半导体,688099
4472,半导体,688037
4473,半导体,688220
4474,半导体,688691
4475,半导体,002371
4476,半导体,688082
4477,半导体,300661
4478,半导体,688536
4479,半导体,688521
4480,半导体,688347
4481,半导体,300706
4482,半导体,688072
4483,半导体,688052
4484,半导体,688213
4485,半导体,688012
4486,半导体,688002
4487,半导体,600360
4488,房地产服务,600604
4489,房地产服务,600605
4490,房地产服务,000007
4491,房地产服务,603682
4492,房地产服务,002188
4493,房地产服务,002575
4494,房地产服务,002968
4495,房地产服务,000056
4496,房地产服务,001914
4497,房地产服务,603506
4498,房地产服务,600684
4499,房地产服务,600239
4500,房地产服务,600658
4501,房地产服务,000608
4502,房地产服务,002285
4503,房地产服务,601588
4504,房地产服务,000560
4505,房地产服务,300917
4506,钢铁行业,001203
4507,钢铁行业,600507
4508,钢铁行业,300881
4509,钢铁行业,002110
4510,钢铁行业,601969
4511,钢铁行业,600295
4512,钢铁行业,002318
4513,钢铁行业,000932
4514,钢铁行业,600010
4515,钢铁行业,601686
4516,钢铁行业,600019
4517,钢铁行业,600282
4518,钢铁行业,600231
4519,钢铁行业,000959
4520,钢铁行业,002756
4521,钢铁行业,605158
4522,钢铁行业,000898
4523,钢铁行业,002478
4524,钢铁行业,600382
4525,钢铁行业,002075
4526,钢铁行业,600808
4527,钢铁行业,000923
4528,钢铁行业,000708
4529,钢铁行业,603995
4530,钢铁行业,000825
4531,钢铁行业,833751
4532,钢铁行业,900936
4533,钢铁行业,000709
4534,钢铁行业,002443
4535,钢铁行业,000778
4536,钢铁行业,600126
4537,钢铁行业,600307
4538,钢铁行业,601005
4539,钢铁行业,000717
4540,钢铁行业,600117
4541,钢铁行业,603878
4542,钢铁行业,600782
4543,钢铁行业,600581
4544,钢铁行业,600569
4545,钢铁行业,600022
4546,钢铁行业,000761
4547,钢铁行业,601121
4548,钢铁行业,000629
4549,钢铁行业,200761
4550,钢铁行业,835857
4551,钢铁行业,600399
4552,钢铁行业,601003
4553,钢铁行业,000655
4554,互联网服务,002401
4555,互联网服务,688229
4556,互联网服务,300226
4557,互联网服务,300609
4558,互联网服务,300383
4559,互联网服务,300523
4560,互联网服务,688500
4561,互联网服务,300766
4562,互联网服务,688051
4563,互联网服务,002912
4564,互联网服务,002777
4565,互联网服务,300738
4566,互联网服务,300212
4567,互联网服务,300442
4568,互联网服务,688258
4569,互联网服务,002380
4570,互联网服务,688619
4571,互联网服务,688316
4572,互联网服务,301396
4573,互联网服务,300508
4574,互联网服务,603171
4575,互联网服务,600228
4576,互联网服务,002591
4577,互联网服务,688509
4578,互联网服务,900901
4579,互联网服务,600589
4580,互联网服务,002354
4581,互联网服务,603918
4582,互联网服务,301270
4583,互联网服务,688292
4584,互联网服务,301299
4585,互联网服务,600734
4586,互联网服务,002368
4587,互联网服务,000997
4588,互联网服务,002373
4589,互联网服务,003005
4590,互联网服务,300846
4591,互联网服务,300532
4592,互联网服务,002649
4593,互联网服务,300150
4594,互联网服务,301085
4595,互联网服务,002264
4596,互联网服务,300017
4597,互联网服务,300168
4598,互联网服务,300872
4599,互联网服务,600131
4600,互联网服务,688787
4601,互联网服务,002315
4602,互联网服务,301428
4603,互联网服务,688365
4604,互联网服务,300020
4605,互联网服务,002316
4606,互联网服务,688158
4607,互联网服务,300440
4608,互联网服务,688039
4609,互联网服务,300264
4610,互联网服务,000938
4611,互联网服务,002232
4612,互联网服务,300277
4613,互联网服务,002331
4614,互联网服务,301381
4615,互联网服务,603613
4616,互联网服务,301110
4617,互联网服务,600850
4618,互联网服务,300496
4619,互联网服务,000409
4620,互联网服务,300170
4621,互联网服务,603887
4622,互联网服务,300300
4623,互联网服务,600845
4624,互联网服务,600271
4625,互联网服务,300044
4626,互联网服务,300419
4627,互联网服务,603869
4628,互联网服务,002115
4629,互联网服务,688004
4630,互联网服务,300785
4631,互联网服务,300592
4632,互联网服务,300895
4633,互联网服务,301001
4634,互联网服务,600718
4635,互联网服务,002195
4636,互联网服务,300078
4637,互联网服务,200045
4638,互联网服务,300288
4639,互联网服务,300678
4640,互联网服务,688568
4641,互联网服务,603496
4642,互联网服务,002771
4643,互联网服务,002642
4644,互联网服务,300448
4645,互联网服务,300464
4646,互联网服务,838924
4647,互联网服务,600756
4648,互联网服务,300167
4649,互联网服务,600358
4650,互联网服务,300059
4651,互联网服务,600797
4652,互联网服务,300324
4653,互联网服务,688562
4654,互联网服务,603881
4655,互联网服务,300079
4656,互联网服务,300250
4657,互联网服务,600410
4658,互联网服务,003010
4659,互联网服务,833030
4660,互联网服务,301171
4661,互联网服务,300290
4662,互联网服务,300209
4663,互联网服务,688228
4664,互联网服务,300269
4665,互联网服务,000676
4666,互联网服务,300674
4667,互联网服务,688088
4668,互联网服务,301382
4669,互联网服务,300418
4670,互联网服务,603636
4671,互联网服务,300634
4672,互联网服务,300096
4673,互联网服务,300295
4674,互联网服务,002609
4675,互联网服务,300271
4676,互联网服务,002131
4677,互联网服务,300287
4678,互联网服务,002530
4679,互联网服务,300231
4680,互联网服务,688636
4681,互联网服务,002474
4682,互联网服务,300792
4683,互联网服务,300245
4684,互联网服务,605398
4685,互联网服务,002291
4686,互联网服务,838227
4687,互联网服务,300687
4688,互联网服务,300399
4689,互联网服务,002095
4690,互联网服务,000555
4691,互联网服务,301380
4692,互联网服务,300541
4693,互联网服务,300518
4694,互联网服务,300645
4695,互联网服务,300941
4696,互联网服务,300248
4697,互联网服务,600571
4698,互联网服务,300166
4699,互联网服务,600446
4700,互联网服务,002657
4701,汽车整车,600104
4702,汽车整车,600066
4703,汽车整车,600375
4704,汽车整车,600418
4705,汽车整车,000868
4706,汽车整车,600841
4707,汽车整车,301039
4708,汽车整车,600733
4709,汽车整车,000572
4710,汽车整车,601633
4711,汽车整车,601777
4712,汽车整车,600006
4713,汽车整车,000625
4714,汽车整车,200550
4715,汽车整车,000550
4716,汽车整车,000951
4717,汽车整车,600166
4718,汽车整车,000800
4719,汽车整车,601238
4720,汽车整车,200625
4721,汽车整车,000980
4722,汽车整车,601127
4723,汽车整车,600303
4724,汽车整车,002594
4725,汽车整车,600686
4726,汽车整车,000957
4727,电子化学品,688550
4728,电子化学品,688019
4729,电子化学品,300655
4730,电子化学品,002643
4731,电子化学品,688146
4732,电子化学品,603931
4733,电子化学品,688545
4734,电子化学品,688549
4735,电子化学品,002741
4736,电子化学品,688548
4737,电子化学品,300481
4738,电子化学品,688106
4739,电子化学品,688359
4740,电子化学品,300429
4741,电子化学品,300054
4742,电子化学品,300346
4743,电子化学品,002409
4744,电子化学品,300236
4745,电子化学品,688268
4746,电子化学品,603078
4747,电子化学品,688603
4748,电子化学品,300576
4749,电子化学品,002584
4750,电子化学品,300398
4751,电子化学品,603002
4752,电子化学品,300537
4753,电子化学品,301630
4754,贸易行业,600826
4755,贸易行业,000626
4756,贸易行业,002183
4757,贸易行业,301099
4758,贸易行业,001316
4759,贸易行业,600739
4760,贸易行业,600753
4761,贸易行业,600153
4762,贸易行业,000019
4763,贸易行业,603071
4764,贸易行业,600755
4765,贸易行业,301370
4766,贸易行业,600278
4767,贸易行业,001287
4768,贸易行业,002091
4769,贸易行业,002072
4770,贸易行业,000061
4771,贸易行业,600608
4772,贸易行业,300975
4773,贸易行业,300184
4774,贸易行业,601061
4775,贸易行业,600710
4776,贸易行业,832149
4777,贸易行业,000829
4778,贸易行业,600981
4779,贸易行业,301558
4780,贸易行业,300493
4781,贸易行业,600250
4782,贸易行业,300755
4783,贸易行业,600058
4784,贸易行业,002127
4785,贸易行业,000151
4786,贸易行业,600128
4787,贸易行业,002640
4788,贸易行业,002356
4789,商业百货,000715
4790,商业百货,603101
4791,商业百货,600857
4792,商业百货,600774
4793,商业百货,600785
4794,商业百货,000759
4795,商业百货,600415
4796,商业百货,600697
4797,商业百货,002561
4798,商业百货,605136
4799,商业百货,002419
4800,商业百货,000419
4801,商业百货,002818
4802,商业百货,601116
4803,商业百货,300622
4804,商业百货,002187
4805,商业百货,601366
4806,商业百货,600838
4807,商业百货,600778
4808,商业百货,600738
4809,商业百货,600712
4810,商业百货,002344
4811,商业百货,000417
4812,商业百货,000501
4813,商业百货,600814
4814,商业百货,600628
4815,商业百货,600694
4816,商业百货,600790
4817,商业百货,600824
4818,商业百货,002416
4819,商业百货,600693
4820,商业百货,002024
4821,商业百货,601086
4822,商业百货,002697
4823,商业百货,900923
4824,商业百货,000701
4825,商业百货,603214
4826,商业百货,603708
4827,商业百货,600682
4828,商业百货,000058
4829,商业百货,600865
4830,商业百货,600858
4831,商业百货,600287
4832,商业百货,002277
4833,商业百货,301078
4834,商业百货,605188
4835,商业百货,200058
4836,商业百货,601933
4837,商业百货,600828
4838,商业百货,601828
4839,商业百货,600185
4840,商业百货,600729
4841,商业百货,000564
4842,商业百货,002251
4843,商业百货,601010
4844,商业百货,000882
4845,商业百货,600827
4846,商业百货,000785
4847,商业百货,000679
4848,商业百货,600859
4849,商业百货,600280
4850,保险,601336
4851,保险,601319
4852,保险,601318
4853,保险,601601
4854,保险,601628
4855,保险,000627
4856,旅游酒店,600593
4857,旅游酒店,000978
4858,旅游酒店,300756
4859,旅游酒店,600706
4860,旅游酒店,000524
4861,旅游酒店,002627
4862,旅游酒店,002159
4863,旅游酒店,603199
4864,旅游酒店,603099
4865,旅游酒店,900934
4866,旅游酒店,600749
4867,旅游酒店,605108
4868,旅游酒店,900942
4869,旅游酒店,600138
4870,旅游酒店,603136
4871,旅游酒店,002033
4872,旅游酒店,300144
4873,旅游酒店,000610
4874,旅游酒店,000888
4875,旅游酒店,600054
4876,旅游酒店,601007
4877,旅游酒店,002186
4878,旅游酒店,600754
4879,旅游酒店,002059
4880,旅游酒店,002707
4881,旅游酒店,000721
4882,旅游酒店,000428
4883,旅游酒店,601888
4884,旅游酒店,900929
4885,旅游酒店,300859
4886,旅游酒店,000796
4887,旅游酒店,000430
4888,旅游酒店,000558
4889,旅游酒店,600576
4890,旅游酒店,600258
4891,旅游酒店,002306
4892,旅游酒店,301073
4893,小金属,603399
4894,小金属,301026
4895,小金属,002842
4896,小金属,600281
4897,小金属,600459
4898,小金属,000657
4899,小金属,000960
4900,小金属,600301
4901,小金属,600615
4902,小金属,600111
4903,小金属,002378
4904,小金属,000962
4905,小金属,300748
4906,小金属,002167
4907,小金属,002149
4908,小金属,603993
4909,小金属,600392
4910,小金属,600549
4911,小金属,920068
4912,小金属,300811
4913,小金属,600456
4914,小金属,300328
4915,小金属,605376
4916,小金属,002428
4917,小金属,601958
4918,小金属,600206
4919,小金属,688190
4920,小金属,000795
4921,小金属,603072
4922,小金属,300224
4923,小金属,000970
4924,小金属,600980
4925,小金属,000831
4926,小金属,688077
4927,小金属,300127
4928,小金属,600366
4929,小金属,301141
4930,小金属,300835
4931,小金属,600259
4932,玻璃玻纤,601636
4933,玻璃玻纤,002080
4934,玻璃玻纤,002163
4935,玻璃玻纤,002201
4936,玻璃玻纤,600176
4937,玻璃玻纤,835438
4938,玻璃玻纤,000012
4939,玻璃玻纤,603021
4940,玻璃玻纤,600660
4941,玻璃玻纤,301188
4942,玻璃玻纤,002613
4943,玻璃玻纤,900918
4944,玻璃玻纤,600293
4945,玻璃玻纤,300196
4946,玻璃玻纤,600586
4947,玻璃玻纤,200012
4948,玻璃玻纤,835179
4949,玻璃玻纤,603601
4950,玻璃玻纤,600819
4951,玻璃玻纤,603256
4952,玻璃玻纤,301526
4953,玻璃玻纤,605006
4954,通信服务,300211
4955,通信服务,603559
4956,通信服务,601728
4957,通信服务,002929
4958,通信服务,300736
4959,通信服务,603602
4960,通信服务,600050
4961,通信服务,600941
4962,通信服务,300597
4963,通信服务,000889
4964,通信服务,300959
4965,通信服务,300560
4966,通信服务,300578
4967,通信服务,300183
4968,通信服务,002148
4969,通信服务,603206
4970,通信服务,688682
4971,通信服务,300050
4972,通信服务,300513
4973,通信服务,300025
4974,通信服务,603322
4975,通信服务,603220
4976,通信服务,300292
4977,通信服务,601698
4978,通信服务,000815
4979,通信服务,300571
4980,通信服务,002544
4981,通信服务,002123
4982,通信服务,300921
4983,通信服务,300310
4984,通信服务,688081
4985,通信服务,002093
4986,通信服务,300603
4987,通信服务,300081
4988,通信服务,002467
4989,通信服务,603421
4990,通信服务,600289
4991,通信服务,002231
4992,通信服务,301139
4993,软件开发,300469
4994,软件开发,002153
4995,软件开发,002908
4996,软件开发,002990
4997,软件开发,300229
4998,软件开发,300588
4999,软件开发,301159
5000,软件开发,688171
5001,软件开发,688109
5002,软件开发,003029
5003,软件开发,430564
5004,软件开发,688435
5005,软件开发,002063
5006,软件开发,301339
5007,软件开发,603232
5008,软件开发,600602
5009,软件开发,688695
5010,软件开发,300352
5011,软件开发,000503
5012,软件开发,603508
5013,软件开发,688060
5014,软件开发,688291
5015,软件开发,688207
5016,软件开发,430425
5017,软件开发,839493
5018,软件开发,300311
5019,软件开发,688023
5020,软件开发,688570
5021,软件开发,688651
5022,软件开发,301248
5023,软件开发,300552
5024,软件开发,688343
5025,软件开发,603859
5026,软件开发,831832
5027,软件开发,688030
5028,软件开发,300249
5029,软件开发,300789
5030,软件开发,603138
5031,软件开发,300454
5032,软件开发,603189
5033,软件开发,301162
5034,软件开发,300365
5035,软件开发,301195
5036,软件开发,002322
5037,软件开发,300036
5038,软件开发,300302
5039,软件开发,002178
5040,软件开发,688168
5041,软件开发,688206
5042,软件开发,688777
5043,软件开发,301185
5044,软件开发,688657
5045,软件开发,301313
5046,软件开发,301337
5047,软件开发,301592
5048,软件开发,300845
5049,软件开发,300188
5050,软件开发,002261
5051,软件开发,300579
5052,软件开发,688507
5053,软件开发,688058
5054,软件开发,688118
5055,软件开发,300525
5056,软件开发,300098
5057,软件开发,300074
5058,软件开发,688152
5059,软件开发,003007
5060,软件开发,301221
5061,软件开发,300520
5062,软件开发,301218
5063,软件开发,301172
5064,软件开发,688561
5065,软件开发,603528
5066,软件开发,300605
5067,软件开发,688038
5068,软件开发,835670
5069,软件开发,301179
5070,软件开发,688296
5071,软件开发,688615
5072,软件开发,300559
5073,软件开发,835508
5074,软件开发,300556
5075,软件开发,002528
5076,软件开发,600654
5077,软件开发,300730
5078,软件开发,603990
5079,软件开发,002362
5080,软件开发,900926
5081,软件开发,688095
5082,软件开发,834415
5083,软件开发,300935
5084,软件开发,301302
5085,软件开发,600536
5086,软件开发,002405
5087,软件开发,600476
5088,软件开发,002410
5089,软件开发,688692
5090,软件开发,301236
5091,软件开发,600728
5092,软件开发,300075
5093,软件开发,301330
5094,软件开发,688078
5095,软件开发,300768
5096,软件开发,002421
5097,软件开发,300339
5098,软件开发,301269
5099,软件开发,301556
5100,软件开发,002439
5101,软件开发,002065
5102,软件开发,300366
5103,软件开发,300369
5104,软件开发,300810
5105,软件开发,301117
5106,软件开发,688031
5107,软件开发,300598
5108,软件开发,300659
5109,软件开发,688369
5110,软件开发,688327
5111,软件开发,873806
5112,软件开发,300235
5113,软件开发,300550
5114,软件开发,603927
5115,软件开发,688188
5116,软件开发,002230
5117,软件开发,002268
5118,软件开发,688631
5119,软件开发,688083
5120,软件开发,688588
5121,软件开发,301213
5122,软件开发,601360
5123,软件开发,603039
5124,软件开发,688244
5125,软件开发,002212
5126,软件开发,300451
5127,软件开发,300830
5128,软件开发,300378
5129,软件开发,688225
5130,软件开发,300253
5131,软件开发,688201
5132,软件开发,688227
5133,软件开发,688579
5134,软件开发,300608
5135,软件开发,300386
5136,软件开发,688111
5137,软件开发,301316
5138,软件开发,301178
5139,软件开发,688232
5140,软件开发,300682
5141,软件开发,300344
5142,软件开发,688590
5143,软件开发,300663
5144,软件开发,002279
5145,软件开发,872953
5146,软件开发,300333
5147,软件开发,300047
5148,软件开发,603383
5149,软件开发,300925
5150,软件开发,300561
5151,软件开发,920799
5152,软件开发,837092
5153,软件开发,002253
5154,软件开发,000004
5155,软件开发,000948
5156,软件开发,300465
5157,软件开发,300468
5158,软件开发,835207
5159,软件开发,301315
5160,软件开发,600588
5161,软件开发,301153
5162,软件开发,300773
5163,软件开发,837592
5164,软件开发,300377
5165,软件开发,300033
5166,软件开发,600570
5167,软件开发,688318
5168,软件开发,300085
5169,软件开发,839790
5170,软件开发,837748
5171,软件开发,301208
5172,软件开发,300624
5173,软件开发,300542
5174,软件开发,301378
5175,软件开发,300380
5176,软件开发,301197
5177,软件开发,839680
5178,软件开发,430090
5179,软件开发,835184
5180,软件开发,300996
5181,软件开发,300803
5182,软件开发,832171
5183,软件开发,300348
5184,软件开发,002987
5185,软件开发,300379
5186,软件开发,601519
5187,软件开发,835305
5188,教育,000526
5189,教育,600661
5190,教育,600455
5191,教育,600636
5192,教育,300010
5193,教育,600730
5194,教育,605098
5195,教育,002659
5196,教育,003032
5197,教育,300688
5198,教育,300359
5199,教育,300192
5200,教育,002607
5201,教育,300338
5202,教育,600880
5203,证券,601456
5204,证券,002736
5205,证券,002926
5206,证券,002939
5207,证券,000776
5208,证券,601696
5209,证券,601377
5210,证券,600999
5211,证券,601881
5212,证券,601688
5213,证券,002945
5214,证券,601990
5215,证券,000728
5216,证券,600030
5217,证券,600621
5218,证券,002500
5219,证券,600918
5220,证券,000686
5221,证券,601901
5222,证券,601878
5223,证券,601995
5224,证券,000783
5225,证券,600061
5226,证券,601136
5227,证券,000166
5228,证券,601555
5229,证券,601066
5230,证券,601198
5231,证券,600906
5232,证券,601108
5233,证券,601788
5234,证券,601211
5235,证券,002673
5236,证券,002797
5237,证券,600369
5238,证券,600909
5239,证券,600109
5240,证券,601099
5241,证券,601059
5242,证券,600958
5243,证券,000750
5244,证券,000712
5245,证券,600155
5246,证券,601236
5247,证券,600864
5248,证券,601162
5249,证券,600095
5250,证券,002670
5251,证券,601375
5252,房地产开发,600606
5253,房地产开发,600173
5254,房地产开发,900902
5255,房地产开发,600463
5256,房地产开发,002305
5257,房地产开发,600234
5258,房地产开发,600082
5259,房地产开发,900928
5260,房地产开发,000668
5261,房地产开发,600773
5262,房地产开发,600716
5263,房地产开发,000573
5264,房地产开发,002244
5265,房地产开发,000609
5266,房地产开发,600665
5267,房地产开发,600064
5268,房地产开发,900911
5269,房地产开发,900939
5270,房地产开发,600791
5271,房地产开发,000090
5272,房地产开发,000042
5273,房地产开发,601512
5274,房地产开发,600007
5275,房地产开发,600736
5276,房地产开发,600639
5277,房地产开发,600724
5278,房地产开发,900940
5279,房地产开发,200029
5280,房地产开发,900912
5281,房地产开发,600663
5282,房地产开发,600503
5283,房地产开发,600848
5284,房地产开发,600895
5285,房地产开发,200011
5286,房地产开发,200056
5287,房地产开发,900932
5288,房地产开发,000797
5289,房地产开发,000036
5290,房地产开发,000014
5291,房地产开发,002016
5292,房地产开发,000926
5293,房地产开发,000011
5294,房地产开发,000631
5295,房地产开发,000069
5296,房地产开发,600641
5297,房地产开发,600510
5298,房地产开发,000002
5299,房地产开发,600048
5300,房地产开发,000863
5301,房地产开发,600246
5302,房地产开发,600692
5303,房地产开发,600683
5304,房地产开发,600748
5305,房地产开发,600094
5306,房地产开发,001979
5307,房地产开发,000897
5308,房地产开发,000736
5309,房地产开发,601155
5310,房地产开发,600322
5311,房地产开发,600325
5312,房地产开发,000031
5313,房地产开发,000656
5314,房地产开发,600159
5315,房地产开发,000718
5316,房地产开发,000006
5317,房地产开发,600533
5318,房地产开发,002133
5319,房地产开发,600162
5320,房地产开发,000620
5321,房地产开发,002208
5322,房地产开发,600743
5323,房地产开发,000029
5324,房地产开发,000838
5325,房地产开发,002146
5326,房地产开发,600266
5327,房地产开发,600649
5328,房地产开发,000402
5329,房地产开发,600648
5330,房地产开发,000517
5331,房地产开发,600376
5332,房地产开发,600675
5333,房地产开发,600383
5334,房地产开发,600708
5335,房地产开发,600657
5336,房地产开发,600208
5337,房地产开发,002314
5338,房地产开发,600638
5339,房地产开发,600340
5340,房地产开发,000965
5341,房地产开发,600622
5342,房地产开发,000514
5343,船舶制造,600482
5344,船舶制造,600685
5345,船舶制造,300008
5346,船舶制造,300065
5347,船舶制造,601989
5348,船舶制造,300123
5349,船舶制造,601890
5350,船舶制造,300600
5351,船舶制造,300589
5352,船舶制造,600150
5353,文化传媒,603721
5354,文化传媒,300781
5355,文化传媒,300148
5356,文化传媒,300795
5357,文化传媒,603096
5358,文化传媒,002292
5359,文化传媒,601098
5360,文化传媒,600831
5361,文化传媒,603103
5362,文化传媒,603729
5363,文化传媒,002027
5364,文化传媒,601928
5365,文化传媒,002858
5366,文化传媒,601811
5367,文化传媒,600136
5368,文化传媒,600037
5369,文化传媒,000719
5370,文化传媒,300770
5371,文化传媒,600977
5372,文化传媒,603230
5373,文化传媒,600996
5374,文化传媒,300805
5375,文化传媒,601999
5376,文化传媒,600959
5377,文化传媒,600373
5378,文化传媒,300251
5379,文化传媒,601921
5380,文化传媒,002654
5381,文化传媒,601019
5382,文化传媒,300788
5383,文化传媒,600158
5384,文化传媒,601595
5385,文化传媒,300133
5386,文化传媒,600088
5387,文化传媒,601801
5388,文化传媒,600757
5389,文化传媒,601858
5390,文化传媒,000681
5391,文化传媒,600229
5392,文化传媒,002803
5393,文化传媒,301551
5394,文化传媒,000665
5395,文化传媒,000793
5396,文化传媒,601949
5397,文化传媒,600640
5398,文化传媒,605577
5399,文化传媒,603999
5400,文化传媒,600936
5401,文化传媒,000156
5402,文化传媒,002343
5403,文化传媒,000917
5404,文化传媒,601900
5405,文化传媒,000802
5406,文化传媒,603888
5407,文化传媒,300242
5408,文化传媒,300413
5409,文化传媒,002739
5410,文化传媒,002905
5411,文化传媒,300612
5412,文化传媒,603825
5413,文化传媒,300063
5414,文化传媒,600637
5415,文化传媒,301102
5416,文化传媒,301025
5417,文化传媒,300654
5418,文化传媒,002712
5419,文化传媒,002400
5420,文化传媒,300426
5421,文化传媒,300058
5422,文化传媒,301262
5423,文化传媒,603598
5424,文化传媒,300182
5425,文化传媒,002238
5426,文化传媒,300027
5427,文化传媒,605168
5428,文化传媒,600551
5429,文化传媒,301052
5430,文化传媒,300528
5431,文化传媒,002181
5432,文化传媒,603533
5433,文化传媒,001330
5434,文化传媒,600556
5435,文化传媒,300061
5436,文化传媒,301231
5437,文化传媒,601929
5438,文化传媒,603000
5439,文化传媒,834021
5440,文化传媒,300291
5441,文化传媒,603466
5442,文化传媒,300071
5443,文化传媒,002995
5444,文化传媒,300364
5445,文化传媒,600986
5446,文化传媒,300987
5447,文化传媒,300860
5448,文化传媒,600825
5449,文化传媒,000892
5450,文化传媒,002878
5451,文化传媒,000607
5452,文化传媒,300280
5453,游戏,002602
5454,游戏,002174
5455,游戏,300467
5456,游戏,300031
5457,游戏,600892
5458,游戏,002919
5459,游戏,600633
5460,游戏,300494
5461,游戏,300533
5462,游戏,002605
5463,游戏,002624
5464,游戏,300459
5465,游戏,600715
5466,游戏,300113
5467,游戏,300052
5468,游戏,300299
5469,游戏,603444
5470,游戏,300315
5471,游戏,002558
5472,游戏,300002
5473,游戏,603258
5474,游戏,300043
5475,游戏,002517
5476,游戏,002425
5477,游戏,002555
5478,多元金融,600901
5479,多元金融,002647
5480,多元金融,600517
5481,多元金融,600120
5482,多元金融,000567
5483,多元金融,000563
5484,多元金融,000415
5485,多元金融,600053
5486,多元金融,002961
5487,多元金融,600830
5488,多元金融,000987
5489,多元金融,600816
5490,多元金融,002423
5491,多元金融,000617
5492,多元金融,600318
5493,多元金融,603123
5494,多元金融,600643
5495,多元金融,600390
5496,多元金融,600927
5497,多元金融,001236
5498,多元金融,603093
